OrderID,ClienteID,Produto,Categoria,Quantidade,PrecoUnitario,DataCompra,Regiao
ORD000001,CLI00370,Acer Aspire 5,Notebook,1,3299,2024-01-17,Centro-Oeste
ORD000002,CLI00144,HP Pavilion 14,Notebook,1,4199,2024-01-12,Nordeste
ORD000003,CLI00167,Xiaomi Redmi Note 13,Celular,2,1799,2024-01-14,Nordeste
ORD000004,CLI00622,Dell Inspiron 15,Notebook,1,4999,2024-01-18,Sul
ORD000005,CLI00262,Acer Aspire 5,Notebook,1,3299,2024-01-22,Sul
ORD000006,CLI00552,Motorola Moto G84,Celular,1,1599,2024-01-02,Centro-Oeste
ORD000007,CLI00473,Xiaomi Redmi Note 13,Celular,2,1799,2024-01-25,Sudeste
ORD000008,CLI00712,Xiaomi Redmi Note 13,Celular,1,1799,2024-01-09,Sudeste
ORD000009,CLI00077,HP Pavilion 14,Notebook,1,4199,2024-01-22,Nordeste
ORD000010,CLI00284,Motorola Moto G84,Celular,1,1599,2024-01-03,Centro-Oeste
ORD000011,CLI00765,Samsung Galaxy Book,Notebook,1,5499,2024-01-11,Sudeste
ORD000012,CLI00212,iPhone 15 Pro,Celular,1,7999,2024-01-11,Sul
ORD000013,CLI00458,HP Pavilion 14,Notebook,1,4199,2024-01-11,Sudeste
ORD000014,CLI00523,Xiaomi 13T Pro,Celular,1,3999,2024-01-16,Sudeste
ORD000015,CLI00105,MacBook Air M2,Notebook,1,9999,2024-01-07,Sudeste
ORD000016,CLI00592,iPhone 14,Celular,2,5999,2024-01-13,Sul
ORD000017,CLI00151,Xiaomi 13T Pro,Celular,2,3999,2024-01-12,Sudeste
ORD000018,CLI00600,Samsung Galaxy A54,Celular,2,2299,2024-01-13,Sul
ORD000019,CLI00070,Xiaomi 13T Pro,Celular,1,3999,2024-01-18,Sul
ORD000020,CLI00576,Dell Inspiron 15,Notebook,1,4999,2024-01-01,Nordeste
ORD000021,CLI00090,Xiaomi 13T Pro,Celular,1,3999,2024-01-19,Nordeste
ORD000022,CLI00392,Lenovo IdeaPad 3,Notebook,1,3499,2024-01-27,Sudeste
ORD000023,CLI00186,Xiaomi 13T Pro,Celular,1,3999,2024-01-20,Sul
ORD000024,CLI00799,Samsung Galaxy S24,Celular,1,6499,2024-01-22,Sudeste
ORD000025,CLI00089,iPhone 14,Celular,2,5999,2024-01-02,Sudeste
ORD000026,CLI00037,Xiaomi 13T Pro,Celular,1,3999,2024-01-04,Centro-Oeste
ORD000027,CLI00369,Asus VivoBook 15,Notebook,1,3799,2024-01-19,Sul
ORD000028,CLI00205,iPhone 15 Pro,Celular,1,7999,2024-01-27,Nordeste
ORD000029,CLI00779,Samsung Galaxy S24,Celular,1,6499,2024-01-17,Nordeste
ORD000030,CLI00693,Samsung Galaxy S24,Celular,1,6499,2024-01-25,Sudeste
ORD000031,CLI00398,Xiaomi Redmi Note 13,Celular,1,1799,2024-01-10,Sudeste
ORD000032,CLI00611,Xiaomi 13T Pro,Celular,2,3999,2024-01-11,Centro-Oeste
ORD000033,CLI00194,Xiaomi Redmi Note 13,Celular,1,1799,2024-01-05,Sudeste
ORD000034,CLI00261,Xiaomi Redmi Note 13,Celular,2,1799,2024-01-19,Nordeste
ORD000035,CLI00794,Samsung Galaxy A54,Celular,2,2299,2024-01-02,Nordeste
ORD000036,CLI00357,Samsung Galaxy S24,Celular,1,6499,2024-01-08,Sudeste
ORD000037,CLI00712,Asus VivoBook 15,Notebook,1,3799,2024-01-13,Sul
ORD000038,CLI00035,Samsung Galaxy A54,Celular,1,2299,2024-01-07,Sul
ORD000039,CLI00556,HP Pavilion 14,Notebook,1,4199,2024-01-12,Sul
ORD000040,CLI00563,Motorola Edge 40,Celular,1,2899,2024-01-02,Sudeste
ORD000041,CLI00682,LG Gram 17,Notebook,1,7999,2024-01-14,Nordeste
ORD000042,CLI00359,Xiaomi Redmi Note 13,Celular,1,1799,2024-01-25,Sudeste
ORD000043,CLI00267,Asus VivoBook 15,Notebook,1,3799,2024-01-26,Sul
ORD000044,CLI00613,iPhone 14,Celular,2,5999,2024-01-22,Sudeste
ORD000045,CLI00129,Xiaomi 13T Pro,Celular,1,3999,2024-01-12,Nordeste
ORD000046,CLI00110,MacBook Air M2,Notebook,1,9999,2024-01-22,Sudeste
ORD000047,CLI00508,Dell Inspiron 15,Notebook,1,4999,2024-01-17,Nordeste
ORD000048,CLI00545,MacBook Air M2,Notebook,1,9999,2024-01-08,Sudeste
ORD000049,CLI00568,Acer Aspire 5,Notebook,1,3299,2024-01-16,Norte
ORD000050,CLI00604,Motorola Edge 40,Celular,2,2899,2024-01-14,Sul
ORD000051,CLI00317,LG Gram 17,Notebook,1,7999,2024-01-10,Norte
ORD000052,CLI00494,HP Pavilion 14,Notebook,1,4199,2024-01-05,Sudeste
ORD000053,CLI00456,Samsung Galaxy Book,Notebook,1,5499,2024-01-20,Sudeste
ORD000054,CLI00436,Motorola Edge 40,Celular,1,2899,2024-01-23,Sul
ORD000055,CLI00567,Motorola Moto G84,Celular,1,1599,2024-01-22,Sul
ORD000056,CLI00415,Samsung Galaxy Book,Notebook,1,5499,2024-01-24,Nordeste
ORD000057,CLI00067,Samsung Galaxy S24,Celular,1,6499,2024-01-13,Nordeste
ORD000058,CLI00008,Asus VivoBook 15,Notebook,1,3799,2024-01-04,Norte
ORD000059,CLI00733,Motorola Edge 40,Celular,1,2899,2024-01-21,Sul
ORD000060,CLI00268,iPhone 14,Celular,1,5999,2024-01-04,Sul
ORD000061,CLI00020,Dell Inspiron 15,Notebook,1,4999,2024-01-25,Centro-Oeste
ORD000062,CLI00664,Samsung Galaxy A54,Celular,1,2299,2024-01-14,Nordeste
ORD000063,CLI00004,Asus VivoBook 15,Notebook,1,3799,2024-01-02,Norte
ORD000064,CLI00148,Samsung Galaxy S24,Celular,1,6499,2024-01-19,Sudeste
ORD000065,CLI00515,Samsung Galaxy Book,Notebook,1,5499,2024-01-28,Sudeste
ORD000066,CLI00243,Samsung Galaxy A54,Celular,1,2299,2024-01-06,Sul
ORD000067,CLI00137,Xiaomi Redmi Note 13,Celular,1,1799,2024-01-26,Sul
ORD000068,CLI00704,iPhone 15 Pro,Celular,2,7999,2024-01-17,Sudeste
ORD000069,CLI00482,Motorola Moto G84,Celular,2,1599,2024-01-10,Nordeste
ORD000070,CLI00002,Samsung Galaxy Book,Notebook,1,5499,2024-01-07,Sudeste
ORD000071,CLI00340,iPhone 15 Pro,Celular,1,7999,2024-01-24,Sudeste
ORD000072,CLI00420,iPhone 15 Pro,Celular,1,7999,2024-01-04,Sudeste
ORD000073,CLI00329,Samsung Galaxy A54,Celular,1,2299,2024-01-17,Centro-Oeste
ORD000074,CLI00403,Xiaomi Redmi Note 13,Celular,1,1799,2024-01-07,Sul
ORD000075,CLI00068,Xiaomi 13T Pro,Celular,2,3999,2024-01-05,Nordeste
ORD000076,CLI00404,MacBook Air M2,Notebook,1,9999,2024-01-01,Centro-Oeste
ORD000077,CLI00166,iPhone 14,Celular,1,5999,2024-01-21,Sudeste
ORD000078,CLI00503,Motorola Moto G84,Celular,1,1599,2024-01-27,Sul
ORD000079,CLI00303,Xiaomi 13T Pro,Celular,1,3999,2024-01-03,Sudeste
ORD000080,CLI00406,Motorola Edge 40,Celular,1,2899,2024-01-25,Sul
ORD000081,CLI00245,Acer Aspire 5,Notebook,1,3299,2024-01-11,Sul
ORD000082,CLI00062,MacBook Air M2,Notebook,1,9999,2024-01-03,Sudeste
ORD000083,CLI00703,MacBook Air M2,Notebook,1,9999,2024-01-03,Sul
ORD000084,CLI00637,Xiaomi 13T Pro,Celular,1,3999,2024-01-12,Sul
ORD000085,CLI00245,Acer Aspire 5,Notebook,1,3299,2024-01-23,Sudeste
ORD000086,CLI00027,iPhone 15 Pro,Celular,1,7999,2024-01-01,Nordeste
ORD000087,CLI00199,iPhone 14,Celular,2,5999,2024-01-16,Sul
ORD000088,CLI00396,iPhone 14,Celular,1,5999,2024-01-21,Nordeste
ORD000089,CLI00398,Samsung Galaxy S24,Celular,2,6499,2024-01-23,Sudeste
ORD000090,CLI00001,Xiaomi 13T Pro,Celular,1,3999,2024-01-05,Sul
ORD000091,CLI00318,LG Gram 17,Notebook,1,7999,2024-01-11,Sudeste
ORD000092,CLI00042,iPhone 15 Pro,Celular,1,7999,2024-01-16,Sul
ORD000093,CLI00736,Dell Inspiron 15,Notebook,1,4999,2024-01-05,Sudeste
ORD000094,CLI00323,Samsung Galaxy S24,Celular,1,6499,2024-02-02,Sudeste
ORD000095,CLI00443,iPhone 15 Pro,Celular,1,7999,2024-02-05,Centro-Oeste
ORD000096,CLI00645,HP Pavilion 14,Notebook,1,4199,2024-02-24,Sudeste
ORD000097,CLI00530,Lenovo IdeaPad 3,Notebook,1,3499,2024-02-23,Sul
ORD000098,CLI00078,iPhone 15 Pro,Celular,1,7999,2024-02-04,Norte
ORD000099,CLI00175,Samsung Galaxy S24,Celular,1,6499,2024-02-14,Nordeste
ORD000100,CLI00572,Samsung Galaxy A54,Celular,1,2299,2024-02-09,Centro-Oeste
ORD000101,CLI00550,Xiaomi 13T Pro,Celular,1,3999,2024-02-17,Sudeste
ORD000102,CLI00598,Motorola Moto G84,Celular,1,1599,2024-02-10,Nordeste
ORD000103,CLI00274,LG Gram 17,Notebook,1,7999,2024-02-19,Nordeste
ORD000104,CLI00063,Samsung Galaxy Book,Notebook,1,5499,2024-02-17,Nordeste
ORD000105,CLI00250,Acer Aspire 5,Notebook,1,3299,2024-02-20,Sudeste
ORD000106,CLI00612,Asus VivoBook 15,Notebook,1,3799,2024-02-06,Sudeste
ORD000107,CLI00334,Acer Aspire 5,Notebook,1,3299,2024-02-27,Sudeste
ORD000108,CLI00550,Lenovo IdeaPad 3,Notebook,1,3499,2024-02-18,Sudeste
ORD000109,CLI00753,Lenovo IdeaPad 3,Notebook,1,3499,2024-02-04,Nordeste
ORD000110,CLI00333,iPhone 15 Pro,Celular,2,7999,2024-02-17,Sudeste
ORD000111,CLI00732,iPhone 15 Pro,Celular,1,7999,2024-02-06,Nordeste
ORD000112,CLI00458,LG Gram 17,Notebook,1,7999,2024-02-21,Sul
ORD000113,CLI00304,Asus VivoBook 15,Notebook,1,3799,2024-02-08,Sul
ORD000114,CLI00437,Dell Inspiron 15,Notebook,1,4999,2024-02-10,Sul
ORD000115,CLI00399,Motorola Edge 40,Celular,1,2899,2024-02-05,Nordeste
ORD000116,CLI00427,Motorola Moto G84,Celular,1,1599,2024-02-19,Sul
ORD000117,CLI00589,Samsung Galaxy A54,Celular,1,2299,2024-02-17,Sudeste
ORD000118,CLI00089,Xiaomi Redmi Note 13,Celular,1,1799,2024-02-20,Nordeste
ORD000119,CLI00119,Asus VivoBook 15,Notebook,1,3799,2024-02-22,Sudeste
ORD000120,CLI00115,Motorola Edge 40,Celular,1,2899,2024-02-24,Sudeste
ORD000121,CLI00022,iPhone 14,Celular,1,5999,2024-02-11,Nordeste
ORD000122,CLI00346,Motorola Moto G84,Celular,1,1599,2024-02-04,Nordeste
ORD000123,CLI00446,Acer Aspire 5,Notebook,1,3299,2024-02-28,Sudeste
ORD000124,CLI00634,Xiaomi Redmi Note 13,Celular,1,1799,2024-02-23,Norte
ORD000125,CLI00720,Motorola Moto G84,Celular,1,1599,2024-02-07,Sudeste
ORD000126,CLI00627,Motorola Edge 40,Celular,2,2899,2024-02-09,Nordeste
ORD000127,CLI00495,LG Gram 17,Notebook,1,7999,2024-02-19,Centro-Oeste
ORD000128,CLI00052,LG Gram 17,Notebook,1,7999,2024-02-23,Sudeste
ORD000129,CLI00480,iPhone 14,Celular,1,5999,2024-02-21,Sudeste
ORD000130,CLI00354,HP Pavilion 14,Notebook,1,4199,2024-02-03,Nordeste
ORD000131,CLI00330,Lenovo IdeaPad 3,Notebook,1,3499,2024-02-12,Sul
ORD000132,CLI00354,Xiaomi Redmi Note 13,Celular,1,1799,2024-02-20,Nordeste
ORD000133,CLI00495,Xiaomi 13T Pro,Celular,1,3999,2024-02-18,Nordeste
ORD000134,CLI00080,Samsung Galaxy S24,Celular,1,6499,2024-02-07,Sul
ORD000135,CLI00471,HP Pavilion 14,Notebook,1,4199,2024-02-24,Centro-Oeste
ORD000136,CLI00700,iPhone 14,Celular,1,5999,2024-02-21,Sul
ORD000137,CLI00741,iPhone 15 Pro,Celular,1,7999,2024-02-15,Nordeste
ORD000138,CLI00748,HP Pavilion 14,Notebook,1,4199,2024-02-28,Sul
ORD000139,CLI00031,Motorola Edge 40,Celular,1,2899,2024-02-06,Sul
ORD000140,CLI00579,Xiaomi 13T Pro,Celular,1,3999,2024-02-25,Sul
ORD000141,CLI00283,Samsung Galaxy A54,Celular,1,2299,2024-02-11,Sudeste
ORD000142,CLI00613,Motorola Moto G84,Celular,1,1599,2024-02-27,Sul
ORD000143,CLI00107,iPhone 15 Pro,Celular,1,7999,2024-02-03,Norte
ORD000144,CLI00483,Xiaomi 13T Pro,Celular,1,3999,2024-02-20,Sudeste
ORD000145,CLI00574,Asus VivoBook 15,Notebook,1,3799,2024-02-08,Nordeste
ORD000146,CLI00209,Motorola Moto G84,Celular,1,1599,2024-02-21,Sudeste
ORD000147,CLI00673,Acer Aspire 5,Notebook,1,3299,2024-02-24,Sul
ORD000148,CLI00196,HP Pavilion 14,Notebook,1,4199,2024-02-12,Sudeste
ORD000149,CLI00403,iPhone 15 Pro,Celular,1,7999,2024-02-18,Norte
ORD000150,CLI00373,Motorola Moto G84,Celular,1,1599,2024-02-25,Sul
ORD000151,CLI00486,HP Pavilion 14,Notebook,1,4199,2024-02-07,Sul
ORD000152,CLI00749,Motorola Edge 40,Celular,1,2899,2024-02-23,Sul
ORD000153,CLI00375,Acer Aspire 5,Notebook,1,3299,2024-02-04,Sudeste
ORD000154,CLI00220,Asus VivoBook 15,Notebook,1,3799,2024-02-22,Sudeste
ORD000155,CLI00276,Xiaomi Redmi Note 13,Celular,2,1799,2024-02-13,Sudeste
ORD000156,CLI00515,iPhone 14,Celular,2,5999,2024-02-12,Sudeste
ORD000157,CLI00618,iPhone 14,Celular,1,5999,2024-02-20,Sudeste
ORD000158,CLI00333,Asus VivoBook 15,Notebook,1,3799,2024-02-19,Sul
ORD000159,CLI00260,Acer Aspire 5,Notebook,1,3299,2024-02-20,Centro-Oeste
ORD000160,CLI00625,Motorola Edge 40,Celular,1,2899,2024-02-12,Norte
ORD000161,CLI00287,MacBook Air M2,Notebook,1,9999,2024-02-21,Sul
ORD000162,CLI00725,iPhone 14,Celular,1,5999,2024-02-10,Sudeste
ORD000163,CLI00301,iPhone 15 Pro,Celular,1,7999,2024-02-22,Norte
ORD000164,CLI00552,Xiaomi 13T Pro,Celular,1,3999,2024-02-06,Sudeste
ORD000165,CLI00191,iPhone 15 Pro,Celular,1,7999,2024-02-27,Sul
ORD000166,CLI00391,iPhone 15 Pro,Celular,1,7999,2024-02-25,Centro-Oeste
ORD000167,CLI00627,iPhone 15 Pro,Celular,1,7999,2024-02-22,Sul
ORD000168,CLI00450,Samsung Galaxy S24,Celular,1,6499,2024-02-21,Centro-Oeste
ORD000169,CLI00246,Xiaomi Redmi Note 13,Celular,1,1799,2024-02-07,Sul
ORD000170,CLI00640,Asus VivoBook 15,Notebook,1,3799,2024-03-15,Sul
ORD000171,CLI00606,Motorola Moto G84,Celular,1,1599,2024-03-28,Sudeste
ORD000172,CLI00643,Asus VivoBook 15,Notebook,1,3799,2024-03-09,Sul
ORD000173,CLI00658,Samsung Galaxy Book,Notebook,1,5499,2024-03-16,Sudeste
ORD000174,CLI00571,Motorola Edge 40,Celular,1,2899,2024-03-21,Nordeste
ORD000175,CLI00417,Motorola Moto G84,Celular,1,1599,2024-03-13,Centro-Oeste
ORD000176,CLI00149,Samsung Galaxy Book,Notebook,1,5499,2024-03-10,Sul
ORD000177,CLI00012,Xiaomi 13T Pro,Celular,1,3999,2024-03-26,Sul
ORD000178,CLI00071,Lenovo IdeaPad 3,Notebook,1,3499,2024-03-09,Sul
ORD000179,CLI00094,Samsung Galaxy Book,Notebook,1,5499,2024-03-17,Sul
ORD000180,CLI00548,Dell Inspiron 15,Notebook,1,4999,2024-03-28,Sul
ORD000181,CLI00357,Samsung Galaxy Book,Notebook,1,5499,2024-03-17,Nordeste
ORD000182,CLI00238,Xiaomi Redmi Note 13,Celular,1,1799,2024-03-27,Sudeste
ORD000183,CLI00372,Motorola Moto G84,Celular,1,1599,2024-03-28,Nordeste
ORD000184,CLI00507,Dell Inspiron 15,Notebook,1,4999,2024-03-07,Nordeste
ORD000185,CLI00120,Xiaomi Redmi Note 13,Celular,2,1799,2024-03-18,Sudeste
ORD000186,CLI00556,Motorola Moto G84,Celular,1,1599,2024-03-14,Sudeste
ORD000187,CLI00273,Samsung Galaxy Book,Notebook,1,5499,2024-03-06,Nordeste
ORD000188,CLI00760,Motorola Moto G84,Celular,2,1599,2024-03-22,Sudeste
ORD000189,CLI00584,Xiaomi Redmi Note 13,Celular,1,1799,2024-03-23,Sudeste
ORD000190,CLI00042,Asus VivoBook 15,Notebook,1,3799,2024-03-21,Sudeste
ORD000191,CLI00185,MacBook Air M2,Notebook,1,9999,2024-03-03,Norte
ORD000192,CLI00758,Dell Inspiron 15,Notebook,1,4999,2024-03-28,Nordeste
ORD000193,CLI00336,Xiaomi Redmi Note 13,Celular,1,1799,2024-03-15,Sudeste
ORD000194,CLI00343,MacBook Air M2,Notebook,1,9999,2024-03-23,Sudeste
ORD000195,CLI00418,Xiaomi 13T Pro,Celular,1,3999,2024-03-03,Sul
ORD000196,CLI00503,Motorola Edge 40,Celular,2,2899,2024-03-13,Nordeste
ORD000197,CLI00573,iPhone 15 Pro,Celular,1,7999,2024-03-02,Sul
ORD000198,CLI00354,iPhone 14,Celular,1,5999,2024-03-13,Nordeste
ORD000199,CLI00160,Xiaomi Redmi Note 13,Celular,1,1799,2024-03-09,Nordeste
ORD000200,CLI00024,Xiaomi Redmi Note 13,Celular,1,1799,2024-03-12,Nordeste
ORD000201,CLI00637,Dell Inspiron 15,Notebook,1,4999,2024-03-20,Sudeste
ORD000202,CLI00308,Motorola Moto G84,Celular,1,1599,2024-03-25,Nordeste
ORD000203,CLI00141,Motorola Moto G84,Celular,1,1599,2024-03-03,Sudeste
ORD000204,CLI00358,Dell Inspiron 15,Notebook,1,4999,2024-03-19,Sul
ORD000205,CLI00413,Dell Inspiron 15,Notebook,1,4999,2024-03-03,Nordeste
ORD000206,CLI00177,Motorola Edge 40,Celular,1,2899,2024-03-01,Sudeste
ORD000207,CLI00031,Motorola Edge 40,Celular,2,2899,2024-03-15,Nordeste
ORD000208,CLI00376,MacBook Air M2,Notebook,1,9999,2024-03-03,Centro-Oeste
ORD000209,CLI00286,Xiaomi Redmi Note 13,Celular,1,1799,2024-03-19,Centro-Oeste
ORD000210,CLI00330,Motorola Edge 40,Celular,1,2899,2024-03-09,Sudeste
ORD000211,CLI00412,LG Gram 17,Notebook,1,7999,2024-03-11,Sudeste
ORD000212,CLI00527,iPhone 15 Pro,Celular,1,7999,2024-03-01,Centro-Oeste
ORD000213,CLI00718,Xiaomi 13T Pro,Celular,1,3999,2024-03-07,Sudeste
ORD000214,CLI00421,MacBook Air M2,Notebook,1,9999,2024-03-04,Sudeste
ORD000215,CLI00492,Dell Inspiron 15,Notebook,1,4999,2024-03-05,Sul
ORD000216,CLI00255,Samsung Galaxy A54,Celular,1,2299,2024-03-26,Sudeste
ORD000217,CLI00699,Motorola Edge 40,Celular,1,2899,2024-03-05,Centro-Oeste
ORD000218,CLI00610,Dell Inspiron 15,Notebook,1,4999,2024-03-13,Sul
ORD000219,CLI00713,iPhone 15 Pro,Celular,1,7999,2024-03-15,Sudeste
ORD000220,CLI00303,Motorola Edge 40,Celular,1,2899,2024-03-21,Sudeste
ORD000221,CLI00758,iPhone 14,Celular,1,5999,2024-03-26,Nordeste
ORD000222,CLI00437,Asus VivoBook 15,Notebook,1,3799,2024-03-11,Sudeste
ORD000223,CLI00099,Xiaomi 13T Pro,Celular,1,3999,2024-03-11,Sul
ORD000224,CLI00052,iPhone 14,Celular,1,5999,2024-03-03,Sul
ORD000225,CLI00600,Motorola Moto G84,Celular,1,1599,2024-03-02,Centro-Oeste
ORD000226,CLI00510,Xiaomi Redmi Note 13,Celular,1,1799,2024-03-02,Sul
ORD000227,CLI00745,Samsung Galaxy A54,Celular,1,2299,2024-03-28,Sudeste
ORD000228,CLI00675,Samsung Galaxy S24,Celular,1,6499,2024-03-19,Centro-Oeste
ORD000229,CLI00323,iPhone 14,Celular,1,5999,2024-03-18,Nordeste
ORD000230,CLI00174,Motorola Moto G84,Celular,1,1599,2024-03-06,Nordeste
ORD000231,CLI00695,Acer Aspire 5,Notebook,1,3299,2024-03-13,Sudeste
ORD000232,CLI00655,Xiaomi Redmi Note 13,Celular,1,1799,2024-03-11,Nordeste
ORD000233,CLI00035,Samsung Galaxy A54,Celular,1,2299,2024-03-09,Sudeste
ORD000234,CLI00544,Dell Inspiron 15,Notebook,1,4999,2024-03-05,Sul
ORD000235,CLI00560,Samsung Galaxy A54,Celular,1,2299,2024-03-27,Sul
ORD000236,CLI00598,MacBook Air M2,Notebook,1,9999,2024-03-27,Centro-Oeste
ORD000237,CLI00102,iPhone 15 Pro,Celular,2,7999,2024-03-11,Nordeste
ORD000238,CLI00598,HP Pavilion 14,Notebook,1,4199,2024-03-27,Sudeste
ORD000239,CLI00060,LG Gram 17,Notebook,1,7999,2024-03-06,Sudeste
ORD000240,CLI00419,Samsung Galaxy A54,Celular,1,2299,2024-03-20,Sudeste
ORD000241,CLI00644,Samsung Galaxy S24,Celular,1,6499,2024-03-05,Sul
ORD000242,CLI00054,MacBook Air M2,Notebook,1,9999,2024-03-28,Sul
ORD000243,CLI00548,Motorola Moto G84,Celular,1,1599,2024-03-20,Sudeste
ORD000244,CLI00584,Dell Inspiron 15,Notebook,1,4999,2024-03-07,Centro-Oeste
ORD000245,CLI00344,iPhone 14,Celular,1,5999,2024-03-05,Sudeste
ORD000246,CLI00579,HP Pavilion 14,Notebook,1,4199,2024-03-09,Sul
ORD000247,CLI00597,Motorola Moto G84,Celular,1,1599,2024-03-01,Nordeste
ORD000248,CLI00601,Xiaomi Redmi Note 13,Celular,1,1799,2024-03-14,Sul
ORD000249,CLI00692,Motorola Edge 40,Celular,1,2899,2024-03-12,Sudeste
ORD000250,CLI00622,Xiaomi 13T Pro,Celular,1,3999,2024-03-10,Sul
ORD000251,CLI00621,Samsung Galaxy S24,Celular,1,6499,2024-03-07,Sudeste
ORD000252,CLI00190,Asus VivoBook 15,Notebook,1,3799,2024-03-13,Sul
ORD000253,CLI00358,iPhone 15 Pro,Celular,1,7999,2024-03-07,Sudeste
ORD000254,CLI00314,iPhone 14,Celular,1,5999,2024-03-16,Sudeste
ORD000255,CLI00255,MacBook Air M2,Notebook,1,9999,2024-03-27,Sudeste
ORD000256,CLI00240,iPhone 14,Celular,2,5999,2024-03-25,Sul
ORD000257,CLI00524,Samsung Galaxy S24,Celular,1,6499,2024-03-26,Centro-Oeste
ORD000258,CLI00559,iPhone 15 Pro,Celular,1,7999,2024-03-08,Sul
ORD000259,CLI00221,Samsung Galaxy A54,Celular,1,2299,2024-03-11,Sul
ORD000260,CLI00712,Acer Aspire 5,Notebook,1,3299,2024-03-23,Sudeste
ORD000261,CLI00479,MacBook Air M2,Notebook,1,9999,2024-03-06,Sudeste
ORD000262,CLI00296,Motorola Edge 40,Celular,1,2899,2024-03-22,Centro-Oeste
ORD000263,CLI00770,MacBook Air M2,Notebook,1,9999,2024-03-07,Sul
ORD000264,CLI00265,Xiaomi 13T Pro,Celular,1,3999,2024-03-28,Sudeste
ORD000265,CLI00215,Samsung Galaxy Book,Notebook,1,5499,2024-03-14,Sul
ORD000266,CLI00714,Samsung Galaxy S24,Celular,1,6499,2024-04-14,Sul
ORD000267,CLI00454,Asus VivoBook 15,Notebook,1,3799,2024-04-11,Sudeste
ORD000268,CLI00466,Samsung Galaxy S24,Celular,2,6499,2024-04-01,Sudeste
ORD000269,CLI00076,Acer Aspire 5,Notebook,1,3299,2024-04-23,Sudeste
ORD000270,CLI00233,iPhone 15 Pro,Celular,1,7999,2024-04-25,Sudeste
ORD000271,CLI00720,Dell Inspiron 15,Notebook,1,4999,2024-04-19,Centro-Oeste
ORD000272,CLI00418,iPhone 15 Pro,Celular,1,7999,2024-04-08,Sul
ORD000273,CLI00235,Dell Inspiron 15,Notebook,1,4999,2024-04-22,Sudeste
ORD000274,CLI00360,Samsung Galaxy A54,Celular,2,2299,2024-04-19,Sul
ORD000275,CLI00571,Motorola Moto G84,Celular,1,1599,2024-04-14,Sul
ORD000276,CLI00052,iPhone 15 Pro,Celular,1,7999,2024-04-09,Nordeste
ORD000277,CLI00754,Motorola Moto G84,Celular,1,1599,2024-04-28,Norte
ORD000278,CLI00033,Acer Aspire 5,Notebook,1,3299,2024-04-14,Nordeste
ORD000279,CLI00558,LG Gram 17,Notebook,1,7999,2024-04-21,Norte
ORD000280,CLI00042,Samsung Galaxy S24,Celular,2,6499,2024-04-18,Sudeste
ORD000281,CLI00299,Xiaomi Redmi Note 13,Celular,1,1799,2024-04-13,Sudeste
ORD000282,CLI00160,Acer Aspire 5,Notebook,1,3299,2024-04-16,Sul
ORD000283,CLI00170,Asus VivoBook 15,Notebook,1,3799,2024-04-03,Nordeste
ORD000284,CLI00167,Samsung Galaxy S24,Celular,1,6499,2024-04-19,Sudeste
ORD000285,CLI00687,iPhone 14,Celular,1,5999,2024-04-04,Sudeste
ORD000286,CLI00178,iPhone 14,Celular,1,5999,2024-04-13,Centro-Oeste
ORD000287,CLI00679,Xiaomi Redmi Note 13,Celular,1,1799,2024-04-22,Sul
ORD000288,CLI00124,Xiaomi Redmi Note 13,Celular,1,1799,2024-04-06,Sudeste
ORD000289,CLI00355,iPhone 15 Pro,Celular,1,7999,2024-04-03,Nordeste
ORD000290,CLI00655,Motorola Edge 40,Celular,1,2899,2024-04-11,Sudeste
ORD000291,CLI00692,Motorola Edge 40,Celular,1,2899,2024-04-21,Sul
ORD000292,CLI00302,Acer Aspire 5,Notebook,1,3299,2024-04-27,Sudeste
ORD000293,CLI00506,Samsung Galaxy S24,Celular,1,6499,2024-04-10,Sudeste
ORD000294,CLI00120,Samsung Galaxy A54,Celular,1,2299,2024-04-19,Norte
ORD000295,CLI00620,Lenovo IdeaPad 3,Notebook,1,3499,2024-04-23,Nordeste
ORD000296,CLI00051,Dell Inspiron 15,Notebook,1,4999,2024-04-21,Sudeste
ORD000297,CLI00556,LG Gram 17,Notebook,1,7999,2024-04-26,Sudeste
ORD000298,CLI00453,HP Pavilion 14,Notebook,1,4199,2024-04-26,Sudeste
ORD000299,CLI00324,iPhone 14,Celular,1,5999,2024-04-20,Nordeste
ORD000300,CLI00297,MacBook Air M2,Notebook,1,9999,2024-04-24,Sudeste
ORD000301,CLI00695,Samsung Galaxy Book,Notebook,1,5499,2024-04-10,Sudeste
ORD000302,CLI00018,Lenovo IdeaPad 3,Notebook,1,3499,2024-04-20,Norte
ORD000303,CLI00476,Samsung Galaxy S24,Celular,1,6499,2024-04-22,Sudeste
ORD000304,CLI00464,iPhone 14,Celular,1,5999,2024-04-17,Sul
ORD000305,CLI00286,Xiaomi Redmi Note 13,Celular,1,1799,2024-04-13,Sudeste
ORD000306,CLI00520,Samsung Galaxy A54,Celular,1,2299,2024-04-06,Sudeste
ORD000307,CLI00040,Samsung Galaxy A54,Celular,1,2299,2024-04-03,Sul
ORD000308,CLI00200,Dell Inspiron 15,Notebook,1,4999,2024-04-13,Sul
ORD000309,CLI00149,Motorola Moto G84,Celular,1,1599,2024-04-02,Sul
ORD000310,CLI00626,Xiaomi Redmi Note 13,Celular,1,1799,2024-04-27,Sul
ORD000311,CLI00206,Asus VivoBook 15,Notebook,1,3799,2024-04-10,Sul
ORD000312,CLI00481,Acer Aspire 5,Notebook,1,3299,2024-04-17,Sudeste
ORD000313,CLI00354,Samsung Galaxy S24,Celular,1,6499,2024-04-07,Norte
ORD000314,CLI00752,Samsung Galaxy S24,Celular,1,6499,2024-04-13,Sudeste
ORD000315,CLI00311,LG Gram 17,Notebook,1,7999,2024-04-10,Nordeste
ORD000316,CLI00124,Xiaomi Redmi Note 13,Celular,1,1799,2024-04-06,Sudeste
ORD000317,CLI00432,Xiaomi Redmi Note 13,Celular,1,1799,2024-04-14,Centro-Oeste
ORD000318,CLI00405,iPhone 15 Pro,Celular,1,7999,2024-04-20,Sul
ORD000319,CLI00587,LG Gram 17,Notebook,1,7999,2024-04-23,Nordeste
ORD000320,CLI00230,Samsung Galaxy Book,Notebook,1,5499,2024-04-06,Norte
ORD000321,CLI00685,HP Pavilion 14,Notebook,1,4199,2024-04-24,Nordeste
ORD000322,CLI00565,Xiaomi 13T Pro,Celular,1,3999,2024-04-11,Centro-Oeste
ORD000323,CLI00447,iPhone 14,Celular,1,5999,2024-04-20,Sudeste
ORD000324,CLI00799,iPhone 15 Pro,Celular,2,7999,2024-04-14,Sul
ORD000325,CLI00476,Samsung Galaxy A54,Celular,1,2299,2024-04-16,Nordeste
ORD000326,CLI00793,Samsung Galaxy S24,Celular,1,6499,2024-04-25,Sudeste
ORD000327,CLI00402,Xiaomi 13T Pro,Celular,1,3999,2024-04-14,Sudeste
ORD000328,CLI00336,Acer Aspire 5,Notebook,1,3299,2024-04-13,Sudeste
ORD000329,CLI00522,iPhone 14,Celular,1,5999,2024-04-01,Sul
ORD000330,CLI00601,Xiaomi 13T Pro,Celular,2,3999,2024-04-20,Sudeste
ORD000331,CLI00099,Asus VivoBook 15,Notebook,1,3799,2024-04-22,Sul
ORD000332,CLI00190,Xiaomi 13T Pro,Celular,1,3999,2024-04-02,Sul
ORD000333,CLI00752,Xiaomi 13T Pro,Celular,1,3999,2024-04-23,Sul
ORD000334,CLI00463,Xiaomi Redmi Note 13,Celular,1,1799,2024-04-12,Sudeste
ORD000335,CLI00044,iPhone 14,Celular,1,5999,2024-04-12,Sudeste
ORD000336,CLI00765,LG Gram 17,Notebook,1,7999,2024-04-04,Centro-Oeste
ORD000337,CLI00085,Lenovo IdeaPad 3,Notebook,1,3499,2024-04-07,Nordeste
ORD000338,CLI00763,Motorola Moto G84,Celular,1,1599,2024-04-25,Nordeste
ORD000339,CLI00086,Asus VivoBook 15,Notebook,1,3799,2024-04-09,Sudeste
ORD000340,CLI00102,Lenovo IdeaPad 3,Notebook,1,3499,2024-04-28,Sudeste
ORD000341,CLI00642,Xiaomi Redmi Note 13,Celular,1,1799,2024-04-27,Sul
ORD000342,CLI00370,Dell Inspiron 15,Notebook,1,4999,2024-04-16,Sudeste
ORD000343,CLI00323,Acer Aspire 5,Notebook,1,3299,2024-04-24,Sudeste
ORD000344,CLI00467,Samsung Galaxy S24,Celular,1,6499,2024-04-11,Sul
ORD000345,CLI00433,Lenovo IdeaPad 3,Notebook,1,3499,2024-04-20,Sudeste
ORD000346,CLI00366,Motorola Edge 40,Celular,2,2899,2024-04-03,Sul
ORD000347,CLI00102,Xiaomi Redmi Note 13,Celular,1,1799,2024-04-12,Nordeste
ORD000348,CLI00006,Xiaomi 13T Pro,Celular,1,3999,2024-04-08,Norte
ORD000349,CLI00615,Samsung Galaxy S24,Celular,2,6499,2024-04-17,Sudeste
ORD000350,CLI00727,Xiaomi 13T Pro,Celular,2,3999,2024-04-24,Sul
ORD000351,CLI00161,iPhone 14,Celular,1,5999,2024-05-12,Norte
ORD000352,CLI00699,Acer Aspire 5,Notebook,1,3299,2024-05-13,Sudeste
ORD000353,CLI00747,Samsung Galaxy A54,Celular,1,2299,2024-05-12,Sudeste
ORD000354,CLI00220,iPhone 15 Pro,Celular,1,7999,2024-05-01,Nordeste
ORD000355,CLI00218,Motorola Edge 40,Celular,1,2899,2024-05-15,Centro-Oeste
ORD000356,CLI00292,MacBook Air M2,Notebook,1,9999,2024-05-20,Sul
ORD000357,CLI00322,Xiaomi Redmi Note 13,Celular,1,1799,2024-05-27,Sul
ORD000358,CLI00397,Motorola Edge 40,Celular,1,2899,2024-05-19,Nordeste
ORD000359,CLI00333,iPhone 14,Celular,1,5999,2024-05-24,Sudeste
ORD000360,CLI00559,Xiaomi 13T Pro,Celular,1,3999,2024-05-18,Nordeste
ORD000361,CLI00213,Acer Aspire 5,Notebook,1,3299,2024-05-22,Sudeste
ORD000362,CLI00770,iPhone 14,Celular,1,5999,2024-05-11,Sul
ORD000363,CLI00160,iPhone 14,Celular,1,5999,2024-05-14,Sudeste
ORD000364,CLI00485,Xiaomi Redmi Note 13,Celular,1,1799,2024-05-28,Sudeste
ORD000365,CLI00415,HP Pavilion 14,Notebook,1,4199,2024-05-20,Sudeste
ORD000366,CLI00372,Asus VivoBook 15,Notebook,1,3799,2024-05-20,Sudeste
ORD000367,CLI00575,Motorola Edge 40,Celular,2,2899,2024-05-10,Sudeste
ORD000368,CLI00501,Xiaomi Redmi Note 13,Celular,1,1799,2024-05-02,Norte
ORD000369,CLI00530,Dell Inspiron 15,Notebook,1,4999,2024-05-01,Sul
ORD000370,CLI00675,iPhone 14,Celular,1,5999,2024-05-16,Nordeste
ORD000371,CLI00754,Lenovo IdeaPad 3,Notebook,1,3499,2024-05-03,Centro-Oeste
ORD000372,CLI00053,Motorola Moto G84,Celular,1,1599,2024-05-05,Sudeste
ORD000373,CLI00429,Acer Aspire 5,Notebook,1,3299,2024-05-07,Sudeste
ORD000374,CLI00177,MacBook Air M2,Notebook,1,9999,2024-05-06,Sudeste
ORD000375,CLI00489,Motorola Moto G84,Celular,1,1599,2024-05-01,Sudeste
ORD000376,CLI00107,MacBook Air M2,Notebook,1,9999,2024-05-12,Sudeste
ORD000377,CLI00659,HP Pavilion 14,Notebook,1,4199,2024-05-13,Sudeste
ORD000378,CLI00062,Acer Aspire 5,Notebook,1,3299,2024-05-18,Nordeste
ORD000379,CLI00586,Motorola Moto G84,Celular,1,1599,2024-05-03,Sul
ORD000380,CLI00192,HP Pavilion 14,Notebook,1,4199,2024-05-06,Sudeste
ORD000381,CLI00780,Samsung Galaxy Book,Notebook,1,5499,2024-05-12,Sul
ORD000382,CLI00627,iPhone 15 Pro,Celular,1,7999,2024-05-14,Sul
ORD000383,CLI00358,iPhone 14,Celular,1,5999,2024-05-07,Sudeste
ORD000384,CLI00532,Asus VivoBook 15,Notebook,1,3799,2024-05-07,Sudeste
ORD000385,CLI00242,Samsung Galaxy Book,Notebook,1,5499,2024-05-15,Nordeste
ORD000386,CLI00734,Samsung Galaxy A54,Celular,1,2299,2024-05-01,Sul
ORD000387,CLI00153,Samsung Galaxy A54,Celular,1,2299,2024-05-17,Sudeste
ORD000388,CLI00420,iPhone 15 Pro,Celular,1,7999,2024-05-01,Sudeste
ORD000389,CLI00746,iPhone 14,Celular,1,5999,2024-05-13,Nordeste
ORD000390,CLI00712,Samsung Galaxy Book,Notebook,1,5499,2024-05-27,Sudeste
ORD000391,CLI00705,Xiaomi Redmi Note 13,Celular,1,1799,2024-05-15,Nordeste
ORD000392,CLI00467,Samsung Galaxy Book,Notebook,1,5499,2024-05-24,Nordeste
ORD000393,CLI00143,Lenovo IdeaPad 3,Notebook,1,3499,2024-05-27,Sudeste
ORD000394,CLI00018,Samsung Galaxy Book,Notebook,1,5499,2024-05-15,Nordeste
ORD000395,CLI00601,Xiaomi Redmi Note 13,Celular,1,1799,2024-05-14,Sul
ORD000396,CLI00215,LG Gram 17,Notebook,1,7999,2024-05-09,Sul
ORD000397,CLI00524,Samsung Galaxy Book,Notebook,1,5499,2024-05-13,Nordeste
ORD000398,CLI00065,Xiaomi Redmi Note 13,Celular,1,1799,2024-05-16,Sudeste
ORD000399,CLI00714,Samsung Galaxy A54,Celular,1,2299,2024-05-17,Nordeste
ORD000400,CLI00468,Motorola Edge 40,Celular,1,2899,2024-05-07,Sudeste
ORD000401,CLI00268,Samsung Galaxy Book,Notebook,1,5499,2024-05-24,Nordeste
ORD000402,CLI00593,Xiaomi 13T Pro,Celular,1,3999,2024-05-11,Sudeste
ORD000403,CLI00728,Lenovo IdeaPad 3,Notebook,1,3499,2024-05-15,Nordeste
ORD000404,CLI00426,Asus VivoBook 15,Notebook,1,3799,2024-05-09,Centro-Oeste
ORD000405,CLI00115,iPhone 15 Pro,Celular,1,7999,2024-05-10,Sudeste
ORD000406,CLI00246,Xiaomi Redmi Note 13,Celular,2,1799,2024-05-25,Sudeste
ORD000407,CLI00579,HP Pavilion 14,Notebook,1,4199,2024-05-11,Sul
ORD000408,CLI00351,Motorola Edge 40,Celular,1,2899,2024-05-21,Nordeste
ORD000409,CLI00290,HP Pavilion 14,Notebook,1,4199,2024-05-02,Sudeste
ORD000410,CLI00315,Samsung Galaxy Book,Notebook,1,5499,2024-05-28,Sul
ORD000411,CLI00135,Motorola Edge 40,Celular,1,2899,2024-05-01,Sul
ORD000412,CLI00252,Motorola Edge 40,Celular,2,2899,2024-05-05,Sudeste
ORD000413,CLI00153,Motorola Moto G84,Celular,1,1599,2024-05-23,Sudeste
ORD000414,CLI00299,iPhone 15 Pro,Celular,1,7999,2024-05-14,Sul
ORD000415,CLI00730,iPhone 15 Pro,Celular,2,7999,2024-05-21,Centro-Oeste
ORD000416,CLI00060,Motorola Moto G84,Celular,1,1599,2024-05-13,Sudeste
ORD000417,CLI00046,LG Gram 17,Notebook,1,7999,2024-05-28,Sul
ORD000418,CLI00374,Motorola Moto G84,Celular,1,1599,2024-05-18,Norte
ORD000419,CLI00453,Samsung Galaxy S24,Celular,1,6499,2024-05-08,Sul
ORD000420,CLI00668,Motorola Edge 40,Celular,1,2899,2024-05-05,Sudeste
ORD000421,CLI00426,Samsung Galaxy Book,Notebook,1,5499,2024-05-08,Nordeste
ORD000422,CLI00460,iPhone 15 Pro,Celular,1,7999,2024-05-24,Norte
ORD000423,CLI00093,Motorola Edge 40,Celular,2,2899,2024-05-26,Nordeste
ORD000424,CLI00531,iPhone 14,Celular,1,5999,2024-05-07,Centro-Oeste
ORD000425,CLI00133,iPhone 15 Pro,Celular,1,7999,2024-05-05,Sul
ORD000426,CLI00358,Motorola Edge 40,Celular,1,2899,2024-05-16,Sul
ORD000427,CLI00241,iPhone 14,Celular,2,5999,2024-05-23,Sudeste
ORD000428,CLI00327,Xiaomi 13T Pro,Celular,2,3999,2024-05-26,Sudeste
ORD000429,CLI00369,iPhone 14,Celular,1,5999,2024-05-24,Sudeste
ORD000430,CLI00242,Xiaomi Redmi Note 13,Celular,1,1799,2024-05-27,Norte
ORD000431,CLI00662,Samsung Galaxy A54,Celular,2,2299,2024-05-08,Sudeste
ORD000432,CLI00152,iPhone 15 Pro,Celular,1,7999,2024-05-12,Sudeste
ORD000433,CLI00107,Dell Inspiron 15,Notebook,1,4999,2024-05-22,Sudeste
ORD000434,CLI00559,Xiaomi 13T Pro,Celular,1,3999,2024-05-11,Nordeste
ORD000435,CLI00351,Motorola Moto G84,Celular,1,1599,2024-05-02,Nordeste
ORD000436,CLI00657,Motorola Moto G84,Celular,1,1599,2024-05-17,Sudeste
ORD000437,CLI00006,Samsung Galaxy S24,Celular,2,6499,2024-05-27,Nordeste
ORD000438,CLI00749,iPhone 15 Pro,Celular,1,7999,2024-05-12,Nordeste
ORD000439,CLI00791,Xiaomi 13T Pro,Celular,1,3999,2024-05-20,Sudeste
ORD000440,CLI00512,HP Pavilion 14,Notebook,1,4199,2024-05-07,Sudeste
ORD000441,CLI00714,Xiaomi 13T Pro,Celular,1,3999,2024-05-24,Sudeste
ORD000442,CLI00311,Xiaomi Redmi Note 13,Celular,1,1799,2024-05-20,Nordeste
ORD000443,CLI00688,Samsung Galaxy Book,Notebook,1,5499,2024-05-11,Nordeste
ORD000444,CLI00692,Motorola Edge 40,Celular,2,2899,2024-05-01,Sul
ORD000445,CLI00208,Samsung Galaxy S24,Celular,1,6499,2024-05-05,Centro-Oeste
ORD000446,CLI00761,Xiaomi Redmi Note 13,Celular,1,1799,2024-05-11,Sudeste
ORD000447,CLI00471,LG Gram 17,Notebook,1,7999,2024-05-22,Sudeste
ORD000448,CLI00707,Asus VivoBook 15,Notebook,1,3799,2024-05-24,Sudeste
ORD000449,CLI00698,Samsung Galaxy Book,Notebook,1,5499,2024-05-09,Nordeste
ORD000450,CLI00751,Motorola Edge 40,Celular,1,2899,2024-05-18,Nordeste
ORD000451,CLI00097,Xiaomi 13T Pro,Celular,1,3999,2024-05-11,Norte
ORD000452,CLI00429,iPhone 15 Pro,Celular,1,7999,2024-05-09,Sudeste
ORD000453,CLI00561,Samsung Galaxy S24,Celular,1,6499,2024-05-16,Sul
ORD000454,CLI00622,Asus VivoBook 15,Notebook,1,3799,2024-05-23,Sul
ORD000455,CLI00512,Xiaomi Redmi Note 13,Celular,2,1799,2024-05-25,Sudeste
ORD000456,CLI00264,Asus VivoBook 15,Notebook,1,3799,2024-05-18,Sudeste
ORD000457,CLI00590,Acer Aspire 5,Notebook,1,3299,2024-05-02,Norte
ORD000458,CLI00633,Motorola Moto G84,Celular,1,1599,2024-05-27,Sul
ORD000459,CLI00195,Xiaomi Redmi Note 13,Celular,2,1799,2024-05-27,Sudeste
ORD000460,CLI00679,iPhone 15 Pro,Celular,1,7999,2024-05-14,Sul
ORD000461,CLI00140,Xiaomi 13T Pro,Celular,1,3999,2024-06-05,Sul
ORD000462,CLI00748,MacBook Air M2,Notebook,1,9999,2024-06-02,Sul
ORD000463,CLI00076,Xiaomi Redmi Note 13,Celular,1,1799,2024-06-20,Nordeste
ORD000464,CLI00647,Xiaomi 13T Pro,Celular,1,3999,2024-06-26,Sul
ORD000465,CLI00046,Xiaomi 13T Pro,Celular,1,3999,2024-06-19,Sul
ORD000466,CLI00684,Samsung Galaxy Book,Notebook,1,5499,2024-06-28,Nordeste
ORD000467,CLI00212,iPhone 14,Celular,1,5999,2024-06-06,Sul
ORD000468,CLI00750,iPhone 14,Celular,1,5999,2024-06-02,Centro-Oeste
ORD000469,CLI00663,iPhone 14,Celular,1,5999,2024-06-09,Sudeste
ORD000470,CLI00073,Samsung Galaxy Book,Notebook,1,5499,2024-06-13,Nordeste
ORD000471,CLI00297,Samsung Galaxy S24,Celular,1,6499,2024-06-19,Centro-Oeste
ORD000472,CLI00473,Samsung Galaxy Book,Notebook,1,5499,2024-06-10,Sul
ORD000473,CLI00193,Motorola Moto G84,Celular,1,1599,2024-06-17,Nordeste
ORD000474,CLI00597,Motorola Moto G84,Celular,1,1599,2024-06-22,Sudeste
ORD000475,CLI00016,LG Gram 17,Notebook,1,7999,2024-06-27,Sul
ORD000476,CLI00764,Xiaomi 13T Pro,Celular,1,3999,2024-06-24,Sudeste
ORD000477,CLI00721,Acer Aspire 5,Notebook,1,3299,2024-06-28,Sudeste
ORD000478,CLI00676,Lenovo IdeaPad 3,Notebook,1,3499,2024-06-04,Sudeste
ORD000479,CLI00058,HP Pavilion 14,Notebook,1,4199,2024-06-13,Centro-Oeste
ORD000480,CLI00167,MacBook Air M2,Notebook,1,9999,2024-06-06,Sudeste
ORD000481,CLI00621,Xiaomi 13T Pro,Celular,2,3999,2024-06-02,Sul
ORD000482,CLI00559,Samsung Galaxy S24,Celular,1,6499,2024-06-04,Sul
ORD000483,CLI00325,Dell Inspiron 15,Notebook,1,4999,2024-06-05,Nordeste
ORD000484,CLI00316,Samsung Galaxy Book,Notebook,1,5499,2024-06-09,Sudeste
ORD000485,CLI00640,Motorola Edge 40,Celular,1,2899,2024-06-09,Nordeste
ORD000486,CLI00236,Xiaomi 13T Pro,Celular,1,3999,2024-06-21,Nordeste
ORD000487,CLI00256,iPhone 15 Pro,Celular,1,7999,2024-06-13,Sudeste
ORD000488,CLI00615,iPhone 14,Celular,1,5999,2024-06-04,Centro-Oeste
ORD000489,CLI00234,Asus VivoBook 15,Notebook,1,3799,2024-06-17,Sul
ORD000490,CLI00385,Motorola Edge 40,Celular,1,2899,2024-06-05,Sul
ORD000491,CLI00135,iPhone 14,Celular,2,5999,2024-06-27,Sudeste
ORD000492,CLI00026,HP Pavilion 14,Notebook,1,4199,2024-06-21,Centro-Oeste
ORD000493,CLI00688,LG Gram 17,Notebook,1,7999,2024-06-28,Sul
ORD000494,CLI00493,Lenovo IdeaPad 3,Notebook,1,3499,2024-06-08,Sudeste
ORD000495,CLI00380,Xiaomi Redmi Note 13,Celular,1,1799,2024-06-21,Sudeste
ORD000496,CLI00669,HP Pavilion 14,Notebook,1,4199,2024-06-04,Nordeste
ORD000497,CLI00076,HP Pavilion 14,Notebook,1,4199,2024-06-21,Sul
ORD000498,CLI00460,Samsung Galaxy A54,Celular,1,2299,2024-06-09,Sudeste
ORD000499,CLI00459,Xiaomi Redmi Note 13,Celular,1,1799,2024-06-18,Sudeste
ORD000500,CLI00128,Xiaomi Redmi Note 13,Celular,1,1799,2024-06-23,Sul
ORD000501,CLI00091,Motorola Moto G84,Celular,1,1599,2024-06-27,Centro-Oeste
ORD000502,CLI00374,LG Gram 17,Notebook,1,7999,2024-06-15,Sul
ORD000503,CLI00480,Lenovo IdeaPad 3,Notebook,1,3499,2024-06-27,Nordeste
ORD000504,CLI00551,Xiaomi 13T Pro,Celular,1,3999,2024-06-03,Sudeste
ORD000505,CLI00260,Motorola Edge 40,Celular,1,2899,2024-06-18,Sudeste
ORD000506,CLI00653,Acer Aspire 5,Notebook,1,3299,2024-06-22,Sudeste
ORD000507,CLI00231,Motorola Moto G84,Celular,1,1599,2024-06-20,Nordeste
ORD000508,CLI00604,iPhone 14,Celular,2,5999,2024-06-01,Centro-Oeste
ORD000509,CLI00643,Xiaomi 13T Pro,Celular,1,3999,2024-06-14,Sul
ORD000510,CLI00087,HP Pavilion 14,Notebook,1,4199,2024-06-09,Sul
ORD000511,CLI00572,iPhone 14,Celular,1,5999,2024-06-26,Sul
ORD000512,CLI00735,Motorola Moto G84,Celular,1,1599,2024-06-22,Sul
ORD000513,CLI00690,Samsung Galaxy A54,Celular,1,2299,2024-06-02,Nordeste
ORD000514,CLI00018,Xiaomi 13T Pro,Celular,1,3999,2024-06-06,Sudeste
ORD000515,CLI00500,Motorola Edge 40,Celular,1,2899,2024-06-26,Sudeste
ORD000516,CLI00269,Motorola Moto G84,Celular,1,1599,2024-06-19,Sudeste
ORD000517,CLI00222,Motorola Moto G84,Celular,1,1599,2024-06-06,Sudeste
ORD000518,CLI00120,Dell Inspiron 15,Notebook,1,4999,2024-06-23,Sudeste
ORD000519,CLI00511,HP Pavilion 14,Notebook,1,4199,2024-06-19,Sudeste
ORD000520,CLI00047,MacBook Air M2,Notebook,1,9999,2024-06-16,Sul
ORD000521,CLI00607,Samsung Galaxy Book,Notebook,1,5499,2024-06-10,Norte
ORD000522,CLI00186,Samsung Galaxy A54,Celular,1,2299,2024-06-12,Sudeste
ORD000523,CLI00223,LG Gram 17,Notebook,1,7999,2024-06-09,Sul
ORD000524,CLI00089,Samsung Galaxy Book,Notebook,1,5499,2024-06-09,Sudeste
ORD000525,CLI00379,Acer Aspire 5,Notebook,1,3299,2024-06-18,Sul
ORD000526,CLI00539,iPhone 14,Celular,2,5999,2024-06-28,Sudeste
ORD000527,CLI00279,Lenovo IdeaPad 3,Notebook,1,3499,2024-06-12,Sul
ORD000528,CLI00097,Motorola Moto G84,Celular,2,1599,2024-06-24,Sudeste
ORD000529,CLI00274,Xiaomi Redmi Note 13,Celular,1,1799,2024-06-07,Sudeste
ORD000530,CLI00566,Motorola Moto G84,Celular,2,1599,2024-06-12,Sudeste
ORD000531,CLI00673,Motorola Moto G84,Celular,1,1599,2024-06-19,Sudeste
ORD000532,CLI00331,Motorola Edge 40,Celular,1,2899,2024-06-06,Sul
ORD000533,CLI00250,MacBook Air M2,Notebook,1,9999,2024-06-06,Sul
ORD000534,CLI00205,Samsung Galaxy S24,Celular,1,6499,2024-06-23,Sudeste
ORD000535,CLI00234,iPhone 15 Pro,Celular,1,7999,2024-06-09,Sul
ORD000536,CLI00600,Motorola Moto G84,Celular,1,1599,2024-06-09,Norte
ORD000537,CLI00554,Asus VivoBook 15,Notebook,1,3799,2024-06-06,Nordeste
ORD000538,CLI00304,Samsung Galaxy S24,Celular,1,6499,2024-06-14,Sul
ORD000539,CLI00123,iPhone 14,Celular,1,5999,2024-06-11,Nordeste
ORD000540,CLI00642,Motorola Moto G84,Celular,2,1599,2024-06-01,Nordeste
ORD000541,CLI00350,Samsung Galaxy S24,Celular,1,6499,2024-06-15,Sudeste
ORD000542,CLI00181,Samsung Galaxy S24,Celular,1,6499,2024-06-26,Sul
ORD000543,CLI00587,MacBook Air M2,Notebook,1,9999,2024-06-12,Sudeste
ORD000544,CLI00487,iPhone 15 Pro,Celular,1,7999,2024-06-03,Sul
ORD000545,CLI00378,iPhone 14,Celular,1,5999,2024-06-01,Sudeste
ORD000546,CLI00782,Motorola Edge 40,Celular,2,2899,2024-06-24,Nordeste
ORD000547,CLI00339,Motorola Edge 40,Celular,2,2899,2024-06-27,Nordeste
ORD000548,CLI00063,Xiaomi Redmi Note 13,Celular,1,1799,2024-06-07,Sudeste
ORD000549,CLI00061,Asus VivoBook 15,Notebook,1,3799,2024-06-15,Norte
ORD000550,CLI00721,Lenovo IdeaPad 3,Notebook,1,3499,2024-06-08,Sudeste
ORD000551,CLI00643,Lenovo IdeaPad 3,Notebook,1,3499,2024-06-17,Sudeste
ORD000552,CLI00633,Samsung Galaxy Book,Notebook,1,5499,2024-06-10,Sul
ORD000553,CLI00266,Samsung Galaxy S24,Celular,1,6499,2024-06-25,Sul
ORD000554,CLI00078,Samsung Galaxy S24,Celular,1,6499,2024-06-27,Centro-Oeste
ORD000555,CLI00606,Samsung Galaxy S24,Celular,1,6499,2024-06-14,Sudeste
ORD000556,CLI00714,Asus VivoBook 15,Notebook,1,3799,2024-06-25,Sul
ORD000557,CLI00397,iPhone 14,Celular,1,5999,2024-06-28,Sul
ORD000558,CLI00184,Motorola Edge 40,Celular,2,2899,2024-06-12,Sul
ORD000559,CLI00408,Acer Aspire 5,Notebook,1,3299,2024-06-15,Sudeste
ORD000560,CLI00274,Samsung Galaxy S24,Celular,2,6499,2024-06-05,Sudeste
ORD000561,CLI00274,Dell Inspiron 15,Notebook,1,4999,2024-07-18,Sul
ORD000562,CLI00472,iPhone 14,Celular,1,5999,2024-07-08,Sul
ORD000563,CLI00481,Acer Aspire 5,Notebook,1,3299,2024-07-23,Sul
ORD000564,CLI00152,Samsung Galaxy Book,Notebook,1,5499,2024-07-14,Sul
ORD000565,CLI00070,Motorola Moto G84,Celular,1,1599,2024-07-01,Nordeste
ORD000566,CLI00341,Samsung Galaxy A54,Celular,2,2299,2024-07-06,Sudeste
ORD000567,CLI00470,Dell Inspiron 15,Notebook,1,4999,2024-07-22,Sul
ORD000568,CLI00723,Samsung Galaxy A54,Celular,1,2299,2024-07-11,Centro-Oeste
ORD000569,CLI00276,iPhone 14,Celular,1,5999,2024-07-06,Sul
ORD000570,CLI00698,Asus VivoBook 15,Notebook,1,3799,2024-07-24,Sudeste
ORD000571,CLI00497,LG Gram 17,Notebook,1,7999,2024-07-17,Sudeste
ORD000572,CLI00226,Samsung Galaxy A54,Celular,1,2299,2024-07-16,Centro-Oeste
ORD000573,CLI00608,Motorola Edge 40,Celular,1,2899,2024-07-28,Nordeste
ORD000574,CLI00129,iPhone 15 Pro,Celular,1,7999,2024-07-09,Sudeste
ORD000575,CLI00262,Xiaomi Redmi Note 13,Celular,1,1799,2024-07-22,Nordeste
ORD000576,CLI00189,Motorola Edge 40,Celular,1,2899,2024-07-07,Sudeste
ORD000577,CLI00045,LG Gram 17,Notebook,1,7999,2024-07-22,Sudeste
ORD000578,CLI00217,HP Pavilion 14,Notebook,1,4199,2024-07-06,Nordeste
ORD000579,CLI00490,Samsung Galaxy Book,Notebook,1,5499,2024-07-26,Sudeste
ORD000580,CLI00200,MacBook Air M2,Notebook,1,9999,2024-07-20,Sudeste
ORD000581,CLI00612,iPhone 14,Celular,1,5999,2024-07-01,Sul
ORD000582,CLI00218,Acer Aspire 5,Notebook,1,3299,2024-07-28,Sudeste
ORD000583,CLI00610,MacBook Air M2,Notebook,1,9999,2024-07-07,Centro-Oeste
ORD000584,CLI00252,Motorola Edge 40,Celular,1,2899,2024-07-06,Nordeste
ORD000585,CLI00159,LG Gram 17,Notebook,1,7999,2024-07-03,Sul
ORD000586,CLI00265,Samsung Galaxy S24,Celular,1,6499,2024-07-19,Centro-Oeste
ORD000587,CLI00590,Samsung Galaxy S24,Celular,1,6499,2024-07-17,Sudeste
ORD000588,CLI00704,Dell Inspiron 15,Notebook,1,4999,2024-07-25,Sudeste
ORD000589,CLI00407,Xiaomi 13T Pro,Celular,1,3999,2024-07-13,Sul
ORD000590,CLI00485,iPhone 15 Pro,Celular,2,7999,2024-07-11,Sudeste
ORD000591,CLI00376,Acer Aspire 5,Notebook,1,3299,2024-07-28,Sudeste
ORD000592,CLI00097,iPhone 14,Celular,1,5999,2024-07-23,Sul
ORD000593,CLI00067,iPhone 14,Celular,2,5999,2024-07-08,Sul
ORD000594,CLI00736,Samsung Galaxy S24,Celular,1,6499,2024-07-18,Sudeste
ORD000595,CLI00175,Motorola Edge 40,Celular,1,2899,2024-07-14,Sul
ORD000596,CLI00718,Acer Aspire 5,Notebook,1,3299,2024-07-05,Nordeste
ORD000597,CLI00180,Dell Inspiron 15,Notebook,1,4999,2024-07-03,Sul
ORD000598,CLI00055,Xiaomi Redmi Note 13,Celular,2,1799,2024-07-27,Sudeste
ORD000599,CLI00735,iPhone 14,Celular,1,5999,2024-07-21,Sul
ORD000600,CLI00592,Motorola Moto G84,Celular,1,1599,2024-07-11,Sudeste
ORD000601,CLI00780,LG Gram 17,Notebook,1,7999,2024-07-23,Sudeste
ORD000602,CLI00444,LG Gram 17,Notebook,1,7999,2024-07-19,Nordeste
ORD000603,CLI00028,Xiaomi 13T Pro,Celular,1,3999,2024-07-18,Sudeste
ORD000604,CLI00756,iPhone 15 Pro,Celular,1,7999,2024-07-05,Sudeste
ORD000605,CLI00599,LG Gram 17,Notebook,1,7999,2024-07-01,Sul
ORD000606,CLI00217,Lenovo IdeaPad 3,Notebook,1,3499,2024-07-13,Centro-Oeste
ORD000607,CLI00627,Acer Aspire 5,Notebook,1,3299,2024-07-04,Centro-Oeste
ORD000608,CLI00565,iPhone 15 Pro,Celular,1,7999,2024-07-04,Sudeste
ORD000609,CLI00140,Motorola Moto G84,Celular,1,1599,2024-07-05,Sudeste
ORD000610,CLI00730,Xiaomi 13T Pro,Celular,1,3999,2024-07-26,Sul
ORD000611,CLI00582,Samsung Galaxy A54,Celular,1,2299,2024-07-08,Sudeste
ORD000612,CLI00148,iPhone 14,Celular,1,5999,2024-07-20,Nordeste
ORD000613,CLI00550,Dell Inspiron 15,Notebook,1,4999,2024-07-18,Sudeste
ORD000614,CLI00718,iPhone 14,Celular,1,5999,2024-07-25,Nordeste
ORD000615,CLI00732,Samsung Galaxy A54,Celular,2,2299,2024-07-04,Sudeste
ORD000616,CLI00262,Acer Aspire 5,Notebook,1,3299,2024-07-24,Sudeste
ORD000617,CLI00190,Motorola Moto G84,Celular,2,1599,2024-07-14,Nordeste
ORD000618,CLI00398,Motorola Edge 40,Celular,1,2899,2024-07-24,Sul
ORD000619,CLI00458,Samsung Galaxy Book,Notebook,1,5499,2024-07-12,Sul
ORD000620,CLI00527,Motorola Edge 40,Celular,1,2899,2024-07-23,Sudeste
ORD000621,CLI00517,MacBook Air M2,Notebook,1,9999,2024-07-21,Sudeste
ORD000622,CLI00072,Motorola Edge 40,Celular,1,2899,2024-07-12,Nordeste
ORD000623,CLI00097,Asus VivoBook 15,Notebook,1,3799,2024-07-17,Sudeste
ORD000624,CLI00372,Samsung Galaxy A54,Celular,1,2299,2024-07-02,Sudeste
ORD000625,CLI00402,Lenovo IdeaPad 3,Notebook,1,3499,2024-07-26,Sul
ORD000626,CLI00415,LG Gram 17,Notebook,1,7999,2024-07-25,Sudeste
ORD000627,CLI00780,iPhone 14,Celular,1,5999,2024-07-07,Nordeste
ORD000628,CLI00485,Xiaomi 13T Pro,Celular,1,3999,2024-07-16,Nordeste
ORD000629,CLI00546,Lenovo IdeaPad 3,Notebook,1,3499,2024-07-05,Sudeste
ORD000630,CLI00375,Asus VivoBook 15,Notebook,1,3799,2024-07-12,Sudeste
ORD000631,CLI00271,Xiaomi Redmi Note 13,Celular,2,1799,2024-07-17,Sudeste
ORD000632,CLI00614,iPhone 15 Pro,Celular,1,7999,2024-07-15,Sudeste
ORD000633,CLI00323,Samsung Galaxy A54,Celular,1,2299,2024-07-13,Sudeste
ORD000634,CLI00563,MacBook Air M2,Notebook,1,9999,2024-07-12,Sul
ORD000635,CLI00712,Dell Inspiron 15,Notebook,1,4999,2024-07-21,Nordeste
ORD000636,CLI00073,iPhone 15 Pro,Celular,2,7999,2024-07-23,Sudeste
ORD000637,CLI00519,Motorola Moto G84,Celular,1,1599,2024-07-18,Nordeste
ORD000638,CLI00043,MacBook Air M2,Notebook,1,9999,2024-07-19,Sul
ORD000639,CLI00347,Motorola Edge 40,Celular,2,2899,2024-07-19,Nordeste
ORD000640,CLI00549,HP Pavilion 14,Notebook,1,4199,2024-07-01,Sul
ORD000641,CLI00268,Xiaomi Redmi Note 13,Celular,1,1799,2024-07-19,Sudeste
ORD000642,CLI00163,iPhone 14,Celular,1,5999,2024-08-02,Sudeste
ORD000643,CLI00513,LG Gram 17,Notebook,1,7999,2024-08-28,Sudeste
ORD000644,CLI00186,MacBook Air M2,Notebook,1,9999,2024-08-27,Nordeste
ORD000645,CLI00205,Asus VivoBook 15,Notebook,1,3799,2024-08-24,Sudeste
ORD000646,CLI00097,Asus VivoBook 15,Notebook,1,3799,2024-08-13,Sudeste
ORD000647,CLI00651,Xiaomi Redmi Note 13,Celular,1,1799,2024-08-04,Nordeste
ORD000648,CLI00175,Samsung Galaxy Book,Notebook,1,5499,2024-08-23,Sudeste
ORD000649,CLI00691,Dell Inspiron 15,Notebook,1,4999,2024-08-05,Sul
ORD000650,CLI00708,Samsung Galaxy S24,Celular,1,6499,2024-08-26,Norte
ORD000651,CLI00083,Acer Aspire 5,Notebook,1,3299,2024-08-23,Nordeste
ORD000652,CLI00409,Asus VivoBook 15,Notebook,1,3799,2024-08-07,Sul
ORD000653,CLI00532,Samsung Galaxy S24,Celular,1,6499,2024-08-09,Sudeste
ORD000654,CLI00376,Xiaomi 13T Pro,Celular,1,3999,2024-08-13,Sudeste
ORD000655,CLI00456,Motorola Moto G84,Celular,1,1599,2024-08-21,Sudeste
ORD000656,CLI00046,Asus VivoBook 15,Notebook,1,3799,2024-08-09,Sudeste
ORD000657,CLI00384,Motorola Moto G84,Celular,1,1599,2024-08-14,Nordeste
ORD000658,CLI00655,iPhone 15 Pro,Celular,1,7999,2024-08-17,Sudeste
ORD000659,CLI00069,HP Pavilion 14,Notebook,1,4199,2024-08-16,Norte
ORD000660,CLI00116,Dell Inspiron 15,Notebook,1,4999,2024-08-06,Sul
ORD000661,CLI00008,Motorola Moto G84,Celular,1,1599,2024-08-22,Sudeste
ORD000662,CLI00049,Motorola Moto G84,Celular,1,1599,2024-08-19,Sudeste
ORD000663,CLI00060,Motorola Edge 40,Celular,1,2899,2024-08-10,Norte
ORD000664,CLI00566,Samsung Galaxy Book,Notebook,1,5499,2024-08-17,Nordeste
ORD000665,CLI00320,iPhone 14,Celular,1,5999,2024-08-04,Sul
ORD000666,CLI00461,HP Pavilion 14,Notebook,1,4199,2024-08-24,Nordeste
ORD000667,CLI00092,Asus VivoBook 15,Notebook,1,3799,2024-08-03,Sul
ORD000668,CLI00800,Xiaomi Redmi Note 13,Celular,1,1799,2024-08-05,Sul
ORD000669,CLI00488,iPhone 15 Pro,Celular,2,7999,2024-08-25,Sudeste
ORD000670,CLI00363,iPhone 15 Pro,Celular,1,7999,2024-08-13,Sudeste
ORD000671,CLI00233,Motorola Edge 40,Celular,1,2899,2024-08-28,Sudeste
ORD000672,CLI00726,HP Pavilion 14,Notebook,1,4199,2024-08-09,Sul
ORD000673,CLI00569,Motorola Moto G84,Celular,2,1599,2024-08-04,Nordeste
ORD000674,CLI00322,Samsung Galaxy S24,Celular,1,6499,2024-08-01,Sul
ORD000675,CLI00261,MacBook Air M2,Notebook,1,9999,2024-08-22,Centro-Oeste
ORD000676,CLI00374,Asus VivoBook 15,Notebook,1,3799,2024-08-19,Sul
ORD000677,CLI00495,Xiaomi 13T Pro,Celular,1,3999,2024-08-04,Nordeste
ORD000678,CLI00185,HP Pavilion 14,Notebook,1,4199,2024-08-24,Sudeste
ORD000679,CLI00731,Motorola Moto G84,Celular,1,1599,2024-08-01,Sudeste
ORD000680,CLI00400,Samsung Galaxy Book,Notebook,1,5499,2024-08-22,Nordeste
ORD000681,CLI00025,Motorola Edge 40,Celular,2,2899,2024-08-10,Sul
ORD000682,CLI00273,Acer Aspire 5,Notebook,1,3299,2024-08-11,Sudeste
ORD000683,CLI00091,Acer Aspire 5,Notebook,1,3299,2024-08-06,Sudeste
ORD000684,CLI00574,Dell Inspiron 15,Notebook,1,4999,2024-08-13,Sul
ORD000685,CLI00552,iPhone 14,Celular,2,5999,2024-08-05,Sudeste
ORD000686,CLI00401,Acer Aspire 5,Notebook,1,3299,2024-08-25,Sudeste
ORD000687,CLI00266,Xiaomi Redmi Note 13,Celular,1,1799,2024-08-28,Sudeste
ORD000688,CLI00175,LG Gram 17,Notebook,1,7999,2024-08-25,Nordeste
ORD000689,CLI00365,Samsung Galaxy A54,Celular,2,2299,2024-08-15,Nordeste
ORD000690,CLI00562,Dell Inspiron 15,Notebook,1,4999,2024-08-01,Norte
ORD000691,CLI00668,Motorola Edge 40,Celular,2,2899,2024-08-21,Nordeste
ORD000692,CLI00121,Xiaomi Redmi Note 13,Celular,2,1799,2024-08-05,Sudeste
ORD000693,CLI00158,HP Pavilion 14,Notebook,1,4199,2024-08-23,Nordeste
ORD000694,CLI00244,Xiaomi 13T Pro,Celular,2,3999,2024-08-27,Nordeste
ORD000695,CLI00661,Samsung Galaxy S24,Celular,1,6499,2024-08-03,Nordeste
ORD000696,CLI00345,HP Pavilion 14,Notebook,1,4199,2024-08-15,Sudeste
ORD000697,CLI00253,Samsung Galaxy Book,Notebook,1,5499,2024-08-14,Sul
ORD000698,CLI00409,Xiaomi 13T Pro,Celular,1,3999,2024-08-21,Sul
ORD000699,CLI00729,Motorola Moto G84,Celular,1,1599,2024-08-06,Sudeste
ORD000700,CLI00123,Samsung Galaxy S24,Celular,1,6499,2024-08-12,Sudeste
ORD000701,CLI00637,Xiaomi Redmi Note 13,Celular,1,1799,2024-08-14,Sudeste
ORD000702,CLI00171,iPhone 14,Celular,2,5999,2024-08-26,Nordeste
ORD000703,CLI00040,iPhone 14,Celular,1,5999,2024-08-11,Nordeste
ORD000704,CLI00518,Xiaomi 13T Pro,Celular,1,3999,2024-08-01,Nordeste
ORD000705,CLI00621,Samsung Galaxy A54,Celular,1,2299,2024-08-21,Sudeste
ORD000706,CLI00415,LG Gram 17,Notebook,1,7999,2024-08-07,Sudeste
ORD000707,CLI00585,iPhone 14,Celular,2,5999,2024-08-25,Nordeste
ORD000708,CLI00240,Samsung Galaxy A54,Celular,1,2299,2024-08-20,Norte
ORD000709,CLI00043,HP Pavilion 14,Notebook,1,4199,2024-08-08,Sudeste
ORD000710,CLI00479,Dell Inspiron 15,Notebook,1,4999,2024-08-18,Nordeste
ORD000711,CLI00782,Motorola Edge 40,Celular,1,2899,2024-08-04,Nordeste
ORD000712,CLI00709,Motorola Moto G84,Celular,1,1599,2024-08-25,Sudeste
ORD000713,CLI00140,Samsung Galaxy S24,Celular,2,6499,2024-08-08,Sudeste
ORD000714,CLI00773,iPhone 14,Celular,1,5999,2024-08-24,Sudeste
ORD000715,CLI00161,MacBook Air M2,Notebook,1,9999,2024-08-06,Sul
ORD000716,CLI00649,Xiaomi Redmi Note 13,Celular,1,1799,2024-08-18,Sul
ORD000717,CLI00273,Samsung Galaxy A54,Celular,1,2299,2024-08-23,Sudeste
ORD000718,CLI00469,Lenovo IdeaPad 3,Notebook,1,3499,2024-08-19,Norte
ORD000719,CLI00205,Motorola Moto G84,Celular,1,1599,2024-08-15,Nordeste
ORD000720,CLI00262,Samsung Galaxy Book,Notebook,1,5499,2024-08-04,Sul
ORD000721,CLI00449,iPhone 14,Celular,1,5999,2024-08-12,Nordeste
ORD000722,CLI00753,iPhone 14,Celular,1,5999,2024-08-13,Sudeste
ORD000723,CLI00091,LG Gram 17,Notebook,1,7999,2024-08-11,Sul
ORD000724,CLI00351,MacBook Air M2,Notebook,1,9999,2024-08-18,Nordeste
ORD000725,CLI00557,Xiaomi 13T Pro,Celular,1,3999,2024-08-24,Sul
ORD000726,CLI00318,Motorola Moto G84,Celular,1,1599,2024-08-14,Sudeste
ORD000727,CLI00377,Acer Aspire 5,Notebook,1,3299,2024-08-22,Sudeste
ORD000728,CLI00536,Motorola Moto G84,Celular,1,1599,2024-08-09,Sudeste
ORD000729,CLI00263,Acer Aspire 5,Notebook,1,3299,2024-08-11,Sudeste
ORD000730,CLI00244,iPhone 14,Celular,1,5999,2024-08-19,Nordeste
ORD000731,CLI00363,Motorola Moto G84,Celular,1,1599,2024-08-01,Nordeste
ORD000732,CLI00425,Samsung Galaxy A54,Celular,1,2299,2024-08-06,Sudeste
ORD000733,CLI00580,MacBook Air M2,Notebook,1,9999,2024-08-21,Sudeste
ORD000734,CLI00521,Motorola Moto G84,Celular,1,1599,2024-08-24,Sudeste
ORD000735,CLI00212,Samsung Galaxy A54,Celular,1,2299,2024-09-04,Sul
ORD000736,CLI00051,MacBook Air M2,Notebook,1,9999,2024-09-26,Norte
ORD000737,CLI00348,Lenovo IdeaPad 3,Notebook,1,3499,2024-09-09,Sudeste
ORD000738,CLI00564,MacBook Air M2,Notebook,1,9999,2024-09-25,Centro-Oeste
ORD000739,CLI00550,Samsung Galaxy S24,Celular,1,6499,2024-09-26,Nordeste
ORD000740,CLI00053,Asus VivoBook 15,Notebook,1,3799,2024-09-17,Sudeste
ORD000741,CLI00771,Samsung Galaxy Book,Notebook,1,5499,2024-09-20,Nordeste
ORD000742,CLI00069,Motorola Edge 40,Celular,1,2899,2024-09-16,Sudeste
ORD000743,CLI00514,Samsung Galaxy S24,Celular,1,6499,2024-09-04,Sudeste
ORD000744,CLI00416,Acer Aspire 5,Notebook,1,3299,2024-09-14,Sul
ORD000745,CLI00083,Samsung Galaxy S24,Celular,1,6499,2024-09-10,Nordeste
ORD000746,CLI00156,Acer Aspire 5,Notebook,1,3299,2024-09-19,Sul
ORD000747,CLI00754,LG Gram 17,Notebook,1,7999,2024-09-17,Sudeste
ORD000748,CLI00750,iPhone 15 Pro,Celular,1,7999,2024-09-12,Nordeste
ORD000749,CLI00075,iPhone 15 Pro,Celular,1,7999,2024-09-07,Sudeste
ORD000750,CLI00708,Samsung Galaxy S24,Celular,1,6499,2024-09-22,Sudeste
ORD000751,CLI00428,LG Gram 17,Notebook,1,7999,2024-09-24,Nordeste
ORD000752,CLI00494,Xiaomi Redmi Note 13,Celular,1,1799,2024-09-22,Sudeste
ORD000753,CLI00708,Samsung Galaxy S24,Celular,1,6499,2024-09-10,Sudeste
ORD000754,CLI00429,Xiaomi Redmi Note 13,Celular,1,1799,2024-09-06,Sudeste
ORD000755,CLI00666,Motorola Moto G84,Celular,1,1599,2024-09-22,Sudeste
ORD000756,CLI00181,Samsung Galaxy S24,Celular,2,6499,2024-09-26,Sul
ORD000757,CLI00800,Lenovo IdeaPad 3,Notebook,1,3499,2024-09-07,Sul
ORD000758,CLI00462,Motorola Moto G84,Celular,1,1599,2024-09-11,Sudeste
ORD000759,CLI00542,LG Gram 17,Notebook,1,7999,2024-09-24,Nordeste
ORD000760,CLI00738,iPhone 14,Celular,2,5999,2024-09-24,Centro-Oeste
ORD000761,CLI00550,Samsung Galaxy Book,Notebook,1,5499,2024-09-27,Nordeste
ORD000762,CLI00776,MacBook Air M2,Notebook,1,9999,2024-09-10,Nordeste
ORD000763,CLI00124,Motorola Edge 40,Celular,1,2899,2024-09-25,Sul
ORD000764,CLI00641,Xiaomi Redmi Note 13,Celular,1,1799,2024-09-06,Sudeste
ORD000765,CLI00607,Xiaomi 13T Pro,Celular,1,3999,2024-09-26,Norte
ORD000766,CLI00424,Lenovo IdeaPad 3,Notebook,1,3499,2024-09-28,Sudeste
ORD000767,CLI00059,iPhone 15 Pro,Celular,1,7999,2024-09-17,Nordeste
ORD000768,CLI00258,HP Pavilion 14,Notebook,1,4199,2024-09-09,Sudeste
ORD000769,CLI00135,Xiaomi 13T Pro,Celular,1,3999,2024-09-01,Sul
ORD000770,CLI00024,Asus VivoBook 15,Notebook,1,3799,2024-09-06,Sul
ORD000771,CLI00573,Motorola Moto G84,Celular,1,1599,2024-09-06,Sul
ORD000772,CLI00591,HP Pavilion 14,Notebook,1,4199,2024-09-15,Norte
ORD000773,CLI00466,Acer Aspire 5,Notebook,1,3299,2024-09-18,Sudeste
ORD000774,CLI00336,Xiaomi Redmi Note 13,Celular,1,1799,2024-09-24,Sudeste
ORD000775,CLI00488,LG Gram 17,Notebook,1,7999,2024-09-10,Sul
ORD000776,CLI00351,iPhone 14,Celular,2,5999,2024-09-20,Sudeste
ORD000777,CLI00120,Xiaomi Redmi Note 13,Celular,1,1799,2024-09-23,Sul
ORD000778,CLI00360,Motorola Edge 40,Celular,1,2899,2024-09-12,Nordeste
ORD000779,CLI00327,Dell Inspiron 15,Notebook,1,4999,2024-09-13,Sudeste
ORD000780,CLI00285,Samsung Galaxy S24,Celular,1,6499,2024-09-12,Sudeste
ORD000781,CLI00726,Lenovo IdeaPad 3,Notebook,1,3499,2024-09-02,Nordeste
ORD000782,CLI00488,MacBook Air M2,Notebook,1,9999,2024-09-21,Sul
ORD000783,CLI00637,iPhone 15 Pro,Celular,1,7999,2024-09-21,Centro-Oeste
ORD000784,CLI00673,Motorola Edge 40,Celular,1,2899,2024-09-19,Centro-Oeste
ORD000785,CLI00544,Motorola Moto G84,Celular,1,1599,2024-09-03,Sul
ORD000786,CLI00460,Samsung Galaxy S24,Celular,1,6499,2024-09-24,Sudeste
ORD000787,CLI00781,Motorola Moto G84,Celular,1,1599,2024-09-20,Nordeste
ORD000788,CLI00757,HP Pavilion 14,Notebook,1,4199,2024-09-09,Sudeste
ORD000789,CLI00011,Samsung Galaxy A54,Celular,1,2299,2024-09-09,Nordeste
ORD000790,CLI00470,Samsung Galaxy A54,Celular,2,2299,2024-09-11,Sudeste
ORD000791,CLI00459,Lenovo IdeaPad 3,Notebook,1,3499,2024-09-21,Sul
ORD000792,CLI00085,iPhone 15 Pro,Celular,1,7999,2024-09-24,Sudeste
ORD000793,CLI00513,Motorola Edge 40,Celular,1,2899,2024-09-03,Sul
ORD000794,CLI00584,Samsung Galaxy Book,Notebook,1,5499,2024-09-02,Sudeste
ORD000795,CLI00534,LG Gram 17,Notebook,1,7999,2024-09-17,Sul
ORD000796,CLI00313,Motorola Edge 40,Celular,1,2899,2024-09-10,Sudeste
ORD000797,CLI00709,Xiaomi 13T Pro,Celular,1,3999,2024-09-09,Centro-Oeste
ORD000798,CLI00733,Acer Aspire 5,Notebook,1,3299,2024-09-13,Sudeste
ORD000799,CLI00442,Motorola Moto G84,Celular,1,1599,2024-09-24,Sul
ORD000800,CLI00604,MacBook Air M2,Notebook,1,9999,2024-09-03,Nordeste
ORD000801,CLI00608,Motorola Edge 40,Celular,1,2899,2024-09-20,Sudeste
ORD000802,CLI00666,HP Pavilion 14,Notebook,1,4199,2024-09-03,Centro-Oeste
ORD000803,CLI00061,Samsung Galaxy Book,Notebook,1,5499,2024-09-09,Sul
ORD000804,CLI00416,Motorola Edge 40,Celular,1,2899,2024-09-02,Sudeste
ORD000805,CLI00753,Dell Inspiron 15,Notebook,1,4999,2024-09-23,Sudeste
ORD000806,CLI00314,Motorola Moto G84,Celular,1,1599,2024-09-20,Sul
ORD000807,CLI00395,Xiaomi 13T Pro,Celular,1,3999,2024-09-12,Sudeste
ORD000808,CLI00227,iPhone 15 Pro,Celular,1,7999,2024-09-19,Nordeste
ORD000809,CLI00068,HP Pavilion 14,Notebook,1,4199,2024-09-07,Sudeste
ORD000810,CLI00661,MacBook Air M2,Notebook,1,9999,2024-09-02,Sul
ORD000811,CLI00585,iPhone 15 Pro,Celular,1,7999,2024-09-18,Nordeste
ORD000812,CLI00051,Xiaomi 13T Pro,Celular,1,3999,2024-09-01,Nordeste
ORD000813,CLI00335,Motorola Moto G84,Celular,1,1599,2024-09-18,Sul
ORD000814,CLI00279,Acer Aspire 5,Notebook,1,3299,2024-09-19,Sudeste
ORD000815,CLI00763,Asus VivoBook 15,Notebook,1,3799,2024-09-18,Sudeste
ORD000816,CLI00669,Lenovo IdeaPad 3,Notebook,1,3499,2024-09-28,Sul
ORD000817,CLI00539,Motorola Moto G84,Celular,1,1599,2024-09-04,Centro-Oeste
ORD000818,CLI00614,Xiaomi 13T Pro,Celular,1,3999,2024-09-09,Nordeste
ORD000819,CLI00203,Motorola Moto G84,Celular,1,1599,2024-09-12,Sul
ORD000820,CLI00722,Samsung Galaxy Book,Notebook,1,5499,2024-09-20,Sudeste
ORD000821,CLI00246,HP Pavilion 14,Notebook,1,4199,2024-09-05,Sudeste
ORD000822,CLI00134,Lenovo IdeaPad 3,Notebook,1,3499,2024-09-12,Sudeste
ORD000823,CLI00312,Xiaomi 13T Pro,Celular,1,3999,2024-09-16,Sul
ORD000824,CLI00581,Samsung Galaxy S24,Celular,1,6499,2024-09-25,Centro-Oeste
ORD000825,CLI00630,Motorola Moto G84,Celular,2,1599,2024-09-06,Nordeste
ORD000826,CLI00294,Xiaomi Redmi Note 13,Celular,1,1799,2024-09-28,Sul
ORD000827,CLI00297,iPhone 14,Celular,1,5999,2024-09-10,Sul
ORD000828,CLI00594,MacBook Air M2,Notebook,1,9999,2024-09-25,Sudeste
ORD000829,CLI00182,Dell Inspiron 15,Notebook,1,4999,2024-09-10,Nordeste
ORD000830,CLI00442,Acer Aspire 5,Notebook,1,3299,2024-09-04,Sudeste
ORD000831,CLI00426,Acer Aspire 5,Notebook,1,3299,2024-09-27,Nordeste
ORD000832,CLI00300,Motorola Moto G84,Celular,1,1599,2024-10-19,Sudeste
ORD000833,CLI00037,Samsung Galaxy S24,Celular,1,6499,2024-10-26,Sul
ORD000834,CLI00746,Acer Aspire 5,Notebook,1,3299,2024-10-05,Sudeste
ORD000835,CLI00335,iPhone 15 Pro,Celular,1,7999,2024-10-21,Sudeste
ORD000836,CLI00610,iPhone 14,Celular,1,5999,2024-10-28,Sul
ORD000837,CLI00551,iPhone 15 Pro,Celular,1,7999,2024-10-24,Sul
ORD000838,CLI00570,Samsung Galaxy Book,Notebook,1,5499,2024-10-14,Sul
ORD000839,CLI00561,Samsung Galaxy A54,Celular,1,2299,2024-10-02,Norte
ORD000840,CLI00154,Xiaomi Redmi Note 13,Celular,2,1799,2024-10-01,Sudeste
ORD000841,CLI00667,Samsung Galaxy S24,Celular,2,6499,2024-10-01,Sul
ORD000842,CLI00666,Asus VivoBook 15,Notebook,1,3799,2024-10-16,Nordeste
ORD000843,CLI00363,Samsung Galaxy A54,Celular,1,2299,2024-10-14,Nordeste
ORD000844,CLI00647,Samsung Galaxy Book,Notebook,1,5499,2024-10-19,Sudeste
ORD000845,CLI00104,iPhone 15 Pro,Celular,2,7999,2024-10-10,Centro-Oeste
ORD000846,CLI00797,Xiaomi 13T Pro,Celular,1,3999,2024-10-04,Sul
ORD000847,CLI00567,HP Pavilion 14,Notebook,1,4199,2024-10-18,Sul
ORD000848,CLI00385,Motorola Moto G84,Celular,1,1599,2024-10-15,Sul
ORD000849,CLI00427,MacBook Air M2,Notebook,1,9999,2024-10-01,Sudeste
ORD000850,CLI00697,iPhone 15 Pro,Celular,2,7999,2024-10-13,Nordeste
ORD000851,CLI00487,LG Gram 17,Notebook,1,7999,2024-10-27,Centro-Oeste
ORD000852,CLI00600,iPhone 14,Celular,1,5999,2024-10-21,Nordeste
ORD000853,CLI00392,Motorola Edge 40,Celular,1,2899,2024-10-19,Sudeste
ORD000854,CLI00639,Asus VivoBook 15,Notebook,1,3799,2024-10-03,Sudeste
ORD000855,CLI00008,Xiaomi 13T Pro,Celular,1,3999,2024-10-02,Nordeste
ORD000856,CLI00363,Lenovo IdeaPad 3,Notebook,1,3499,2024-10-25,Nordeste
ORD000857,CLI00100,MacBook Air M2,Notebook,1,9999,2024-10-08,Centro-Oeste
ORD000858,CLI00675,iPhone 15 Pro,Celular,1,7999,2024-10-02,Sudeste
ORD000859,CLI00725,Samsung Galaxy A54,Celular,1,2299,2024-10-01,Sul
ORD000860,CLI00003,iPhone 14,Celular,1,5999,2024-10-27,Sudeste
ORD000861,CLI00130,iPhone 14,Celular,2,5999,2024-10-27,Nordeste
ORD000862,CLI00211,Motorola Moto G84,Celular,1,1599,2024-10-24,Centro-Oeste
ORD000863,CLI00570,HP Pavilion 14,Notebook,1,4199,2024-10-20,Sul
ORD000864,CLI00123,Samsung Galaxy A54,Celular,1,2299,2024-10-26,Norte
ORD000865,CLI00059,Xiaomi Redmi Note 13,Celular,1,1799,2024-10-08,Centro-Oeste
ORD000866,CLI00390,HP Pavilion 14,Notebook,1,4199,2024-10-05,Sudeste
ORD000867,CLI00281,Motorola Edge 40,Celular,1,2899,2024-10-09,Sul
ORD000868,CLI00190,Dell Inspiron 15,Notebook,1,4999,2024-10-04,Nordeste
ORD000869,CLI00087,Xiaomi 13T Pro,Celular,1,3999,2024-10-15,Sudeste
ORD000870,CLI00458,Samsung Galaxy Book,Notebook,1,5499,2024-10-09,Sudeste
ORD000871,CLI00068,HP Pavilion 14,Notebook,1,4199,2024-10-13,Centro-Oeste
ORD000872,CLI00530,MacBook Air M2,Notebook,1,9999,2024-10-02,Sudeste
ORD000873,CLI00125,iPhone 14,Celular,1,5999,2024-10-15,Sudeste
ORD000874,CLI00283,Motorola Edge 40,Celular,1,2899,2024-10-25,Sudeste
ORD000875,CLI00045,iPhone 15 Pro,Celular,1,7999,2024-10-08,Sudeste
ORD000876,CLI00363,HP Pavilion 14,Notebook,1,4199,2024-10-03,Sudeste
ORD000877,CLI00270,Samsung Galaxy A54,Celular,2,2299,2024-10-11,Sul
ORD000878,CLI00618,Lenovo IdeaPad 3,Notebook,1,3499,2024-10-06,Sul
ORD000879,CLI00170,Samsung Galaxy S24,Celular,1,6499,2024-10-04,Sul
ORD000880,CLI00794,LG Gram 17,Notebook,1,7999,2024-10-20,Sudeste
ORD000881,CLI00646,MacBook Air M2,Notebook,1,9999,2024-10-16,Sul
ORD000882,CLI00607,Lenovo IdeaPad 3,Notebook,1,3499,2024-10-01,Sudeste
ORD000883,CLI00549,Motorola Edge 40,Celular,1,2899,2024-10-07,Sudeste
ORD000884,CLI00704,Motorola Edge 40,Celular,1,2899,2024-10-04,Sul
ORD000885,CLI00011,Samsung Galaxy S24,Celular,1,6499,2024-10-23,Sudeste
ORD000886,CLI00638,LG Gram 17,Notebook,1,7999,2024-10-14,Sul
ORD000887,CLI00758,Xiaomi Redmi Note 13,Celular,1,1799,2024-10-12,Sul
ORD000888,CLI00510,Samsung Galaxy A54,Celular,1,2299,2024-10-22,Sudeste
ORD000889,CLI00181,Motorola Moto G84,Celular,1,1599,2024-10-18,Nordeste
ORD000890,CLI00783,Xiaomi Redmi Note 13,Celular,2,1799,2024-10-01,Sul
ORD000891,CLI00619,iPhone 15 Pro,Celular,1,7999,2024-10-05,Sudeste
ORD000892,CLI00356,iPhone 14,Celular,1,5999,2024-10-28,Sudeste
ORD000893,CLI00611,Xiaomi 13T Pro,Celular,2,3999,2024-10-17,Sudeste
ORD000894,CLI00572,Xiaomi Redmi Note 13,Celular,1,1799,2024-10-14,Sudeste
ORD000895,CLI00239,Lenovo IdeaPad 3,Notebook,1,3499,2024-10-04,Nordeste
ORD000896,CLI00156,Xiaomi 13T Pro,Celular,1,3999,2024-10-10,Nordeste
ORD000897,CLI00274,Samsung Galaxy Book,Notebook,1,5499,2024-10-12,Sul
ORD000898,CLI00303,iPhone 15 Pro,Celular,1,7999,2024-10-27,Sudeste
ORD000899,CLI00184,LG Gram 17,Notebook,1,7999,2024-10-20,Sudeste
ORD000900,CLI00481,Samsung Galaxy Book,Notebook,1,5499,2024-10-03,Sul
ORD000901,CLI00063,iPhone 14,Celular,2,5999,2024-10-21,Sudeste
ORD000902,CLI00050,Dell Inspiron 15,Notebook,1,4999,2024-10-06,Nordeste
ORD000903,CLI00527,Samsung Galaxy A54,Celular,2,2299,2024-10-10,Sul
ORD000904,CLI00319,iPhone 14,Celular,1,5999,2024-10-16,Sul
ORD000905,CLI00306,Xiaomi Redmi Note 13,Celular,1,1799,2024-10-06,Sudeste
ORD000906,CLI00438,Xiaomi Redmi Note 13,Celular,1,1799,2024-10-08,Sudeste
ORD000907,CLI00160,Samsung Galaxy S24,Celular,1,6499,2024-10-23,Sudeste
ORD000908,CLI00073,Asus VivoBook 15,Notebook,1,3799,2024-10-27,Nordeste
ORD000909,CLI00273,Asus VivoBook 15,Notebook,1,3799,2024-10-24,Nordeste
ORD000910,CLI00126,Samsung Galaxy A54,Celular,1,2299,2024-10-09,Nordeste
ORD000911,CLI00245,Acer Aspire 5,Notebook,1,3299,2024-10-22,Sudeste
ORD000912,CLI00207,Xiaomi Redmi Note 13,Celular,1,1799,2024-10-17,Sudeste
ORD000913,CLI00109,iPhone 14,Celular,1,5999,2024-10-17,Centro-Oeste
ORD000914,CLI00033,Acer Aspire 5,Notebook,1,3299,2024-11-02,Sudeste
ORD000915,CLI00306,LG Gram 17,Notebook,1,7999,2024-11-08,Sul
ORD000916,CLI00512,Motorola Moto G84,Celular,1,1599,2024-11-19,Sudeste
ORD000917,CLI00116,Lenovo IdeaPad 3,Notebook,1,3499,2024-11-23,Sul
ORD000918,CLI00685,Samsung Galaxy A54,Celular,1,2299,2024-11-26,Sul
ORD000919,CLI00002,iPhone 14,Celular,1,5999,2024-11-04,Sul
ORD000920,CLI00654,Dell Inspiron 15,Notebook,1,4999,2024-11-24,Sul
ORD000921,CLI00594,Xiaomi Redmi Note 13,Celular,1,1799,2024-11-27,Sul
ORD000922,CLI00222,LG Gram 17,Notebook,1,7999,2024-11-02,Sul
ORD000923,CLI00300,Samsung Galaxy A54,Celular,1,2299,2024-11-26,Nordeste
ORD000924,CLI00050,Xiaomi Redmi Note 13,Celular,1,1799,2024-11-18,Sudeste
ORD000925,CLI00347,Acer Aspire 5,Notebook,1,3299,2024-11-13,Sul
ORD000926,CLI00115,Motorola Moto G84,Celular,1,1599,2024-11-02,Sul
ORD000927,CLI00633,Lenovo IdeaPad 3,Notebook,1,3499,2024-11-22,Centro-Oeste
ORD000928,CLI00447,Samsung Galaxy Book,Notebook,1,5499,2024-11-24,Norte
ORD000929,CLI00052,Motorola Moto G84,Celular,1,1599,2024-11-24,Sudeste
ORD000930,CLI00571,iPhone 14,Celular,1,5999,2024-11-03,Nordeste
ORD000931,CLI00188,LG Gram 17,Notebook,1,7999,2024-11-24,Sudeste
ORD000932,CLI00630,Acer Aspire 5,Notebook,1,3299,2024-11-11,Nordeste
ORD000933,CLI00677,Samsung Galaxy Book,Notebook,1,5499,2024-11-19,Sul
ORD000934,CLI00425,Samsung Galaxy A54,Celular,1,2299,2024-11-17,Sul
ORD000935,CLI00313,Motorola Edge 40,Celular,1,2899,2024-11-22,Nordeste
ORD000936,CLI00733,Asus VivoBook 15,Notebook,1,3799,2024-11-01,Sudeste
ORD000937,CLI00652,Motorola Edge 40,Celular,1,2899,2024-11-08,Sudeste
ORD000938,CLI00717,Samsung Galaxy S24,Celular,1,6499,2024-11-17,Centro-Oeste
ORD000939,CLI00009,Samsung Galaxy S24,Celular,1,6499,2024-11-23,Centro-Oeste
ORD000940,CLI00065,Samsung Galaxy S24,Celular,1,6499,2024-11-09,Sudeste
ORD000941,CLI00576,Samsung Galaxy S24,Celular,2,6499,2024-11-20,Nordeste
ORD000942,CLI00797,Samsung Galaxy A54,Celular,1,2299,2024-11-24,Sul
ORD000943,CLI00308,Xiaomi Redmi Note 13,Celular,1,1799,2024-11-09,Sudeste
ORD000944,CLI00605,Motorola Edge 40,Celular,2,2899,2024-11-08,Sudeste
ORD000945,CLI00253,Motorola Edge 40,Celular,1,2899,2024-11-04,Sudeste
ORD000946,CLI00597,Acer Aspire 5,Notebook,1,3299,2024-11-26,Nordeste
ORD000947,CLI00150,Motorola Moto G84,Celular,1,1599,2024-11-19,Sul
ORD000948,CLI00694,Samsung Galaxy A54,Celular,2,2299,2024-11-18,Sul
ORD000949,CLI00366,HP Pavilion 14,Notebook,1,4199,2024-11-20,Centro-Oeste
ORD000950,CLI00142,HP Pavilion 14,Notebook,1,4199,2024-11-10,Sudeste
ORD000951,CLI00472,MacBook Air M2,Notebook,1,9999,2024-11-28,Sudeste
ORD000952,CLI00690,LG Gram 17,Notebook,1,7999,2024-11-16,Sudeste
ORD000953,CLI00301,Xiaomi Redmi Note 13,Celular,1,1799,2024-11-13,Norte
ORD000954,CLI00401,Motorola Moto G84,Celular,1,1599,2024-11-19,Sul
ORD000955,CLI00262,Xiaomi Redmi Note 13,Celular,1,1799,2024-11-07,Sul
ORD000956,CLI00384,Xiaomi Redmi Note 13,Celular,1,1799,2024-11-24,Sudeste
ORD000957,CLI00531,iPhone 14,Celular,1,5999,2024-11-22,Sul
ORD000958,CLI00674,Samsung Galaxy Book,Notebook,1,5499,2024-11-27,Sudeste
ORD000959,CLI00660,MacBook Air M2,Notebook,1,9999,2024-11-17,Nordeste
ORD000960,CLI00261,Dell Inspiron 15,Notebook,1,4999,2024-11-09,Sul
ORD000961,CLI00370,Acer Aspire 5,Notebook,1,3299,2024-11-27,Sul
ORD000962,CLI00368,Samsung Galaxy A54,Celular,1,2299,2024-11-14,Nordeste
ORD000963,CLI00150,Motorola Moto G84,Celular,1,1599,2024-11-09,Sudeste
ORD000964,CLI00637,iPhone 15 Pro,Celular,1,7999,2024-11-22,Sul
ORD000965,CLI00710,Asus VivoBook 15,Notebook,1,3799,2024-11-26,Sudeste
ORD000966,CLI00478,Samsung Galaxy Book,Notebook,1,5499,2024-11-11,Sul
ORD000967,CLI00432,HP Pavilion 14,Notebook,1,4199,2024-11-22,Sudeste
ORD000968,CLI00169,Motorola Moto G84,Celular,1,1599,2024-11-20,Sudeste
ORD000969,CLI00310,iPhone 15 Pro,Celular,1,7999,2024-11-16,Centro-Oeste
ORD000970,CLI00339,Asus VivoBook 15,Notebook,1,3799,2024-11-11,Nordeste
ORD000971,CLI00642,Samsung Galaxy Book,Notebook,1,5499,2024-11-07,Sudeste
ORD000972,CLI00770,Xiaomi 13T Pro,Celular,1,3999,2024-11-21,Sudeste
ORD000973,CLI00102,Samsung Galaxy Book,Notebook,1,5499,2024-11-22,Sul
ORD000974,CLI00681,Motorola Edge 40,Celular,1,2899,2024-11-20,Centro-Oeste
ORD000975,CLI00395,iPhone 15 Pro,Celular,1,7999,2024-11-06,Norte
ORD000976,CLI00100,Samsung Galaxy S24,Celular,1,6499,2024-11-08,Sul
ORD000977,CLI00698,Lenovo IdeaPad 3,Notebook,1,3499,2024-11-19,Nordeste
ORD000978,CLI00658,LG Gram 17,Notebook,1,7999,2024-11-05,Sudeste
ORD000979,CLI00380,iPhone 14,Celular,1,5999,2024-11-03,Sudeste
ORD000980,CLI00420,Acer Aspire 5,Notebook,1,3299,2024-11-23,Sul
ORD000981,CLI00576,HP Pavilion 14,Notebook,1,4199,2024-11-23,Centro-Oeste
ORD000982,CLI00410,LG Gram 17,Notebook,1,7999,2024-11-24,Sudeste
ORD000983,CLI00179,Samsung Galaxy S24,Celular,1,6499,2024-11-08,Sul
ORD000984,CLI00472,LG Gram 17,Notebook,1,7999,2024-11-23,Sudeste
ORD000985,CLI00032,Samsung Galaxy S24,Celular,2,6499,2024-11-25,Nordeste
ORD000986,CLI00532,Motorola Edge 40,Celular,1,2899,2024-11-19,Sul
ORD000987,CLI00527,MacBook Air M2,Notebook,1,9999,2024-11-27,Sul
ORD000988,CLI00141,Acer Aspire 5,Notebook,1,3299,2024-11-14,Centro-Oeste
ORD000989,CLI00322,MacBook Air M2,Notebook,1,9999,2024-11-01,Centro-Oeste
ORD000990,CLI00378,iPhone 14,Celular,1,5999,2024-11-23,Sudeste
ORD000991,CLI00145,Asus VivoBook 15,Notebook,1,3799,2024-11-16,Sudeste
ORD000992,CLI00390,Dell Inspiron 15,Notebook,1,4999,2024-11-19,Norte
ORD000993,CLI00049,Samsung Galaxy A54,Celular,2,2299,2024-11-19,Centro-Oeste
ORD000994,CLI00300,Motorola Moto G84,Celular,1,1599,2024-11-23,Sudeste
ORD000995,CLI00788,Xiaomi 13T Pro,Celular,2,3999,2024-11-11,Nordeste
ORD000996,CLI00060,Motorola Moto G84,Celular,1,1599,2024-11-27,Sudeste
ORD000997,CLI00129,Xiaomi Redmi Note 13,Celular,1,1799,2024-11-12,Nordeste
ORD000998,CLI00089,MacBook Air M2,Notebook,1,9999,2024-11-12,Sudeste
ORD000999,CLI00608,HP Pavilion 14,Notebook,1,4199,2024-11-13,Nordeste
ORD001000,CLI00100,Xiaomi Redmi Note 13,Celular,1,1799,2024-11-03,Sudeste
ORD001001,CLI00560,Xiaomi 13T Pro,Celular,1,3999,2024-11-28,Sul
ORD001002,CLI00368,Lenovo IdeaPad 3,Notebook,1,3499,2024-11-01,Sudeste
ORD001003,CLI00770,Samsung Galaxy A54,Celular,1,2299,2024-11-06,Sul
ORD001004,CLI00673,Xiaomi 13T Pro,Celular,1,3999,2024-11-19,Sudeste
ORD001005,CLI00166,iPhone 15 Pro,Celular,1,7999,2024-11-27,Nordeste
ORD001006,CLI00699,Motorola Edge 40,Celular,1,2899,2024-11-07,Sul
ORD001007,CLI00759,Dell Inspiron 15,Notebook,1,4999,2024-11-20,Sudeste
ORD001008,CLI00686,Motorola Edge 40,Celular,1,2899,2024-11-28,Sudeste
ORD001009,CLI00221,Asus VivoBook 15,Notebook,1,3799,2024-11-23,Centro-Oeste
ORD001010,CLI00352,Acer Aspire 5,Notebook,1,3299,2024-11-20,Nordeste
ORD001011,CLI00626,Samsung Galaxy A54,Celular,2,2299,2024-11-12,Nordeste
ORD001012,CLI00454,Asus VivoBook 15,Notebook,1,3799,2024-11-12,Sul
ORD001013,CLI00027,Dell Inspiron 15,Notebook,1,4999,2024-11-08,Centro-Oeste
ORD001014,CLI00330,Motorola Moto G84,Celular,2,1599,2024-11-09,Nordeste
ORD001015,CLI00231,Xiaomi 13T Pro,Celular,2,3999,2024-11-13,Sul
ORD001016,CLI00496,iPhone 14,Celular,2,5999,2024-11-12,Sudeste
ORD001017,CLI00536,Acer Aspire 5,Notebook,1,3299,2024-11-28,Sudeste
ORD001018,CLI00543,HP Pavilion 14,Notebook,1,4199,2024-11-27,Centro-Oeste
ORD001019,CLI00541,Samsung Galaxy A54,Celular,1,2299,2024-11-13,Sudeste
ORD001020,CLI00693,Samsung Galaxy S24,Celular,1,6499,2024-11-17,Sudeste
ORD001021,CLI00554,Acer Aspire 5,Notebook,1,3299,2024-11-10,Nordeste
ORD001022,CLI00355,Samsung Galaxy Book,Notebook,1,5499,2024-11-11,Centro-Oeste
ORD001023,CLI00558,LG Gram 17,Notebook,1,7999,2024-11-08,Nordeste
ORD001024,CLI00403,Motorola Edge 40,Celular,1,2899,2024-11-02,Nordeste
ORD001025,CLI00686,Samsung Galaxy S24,Celular,1,6499,2024-11-16,Nordeste
ORD001026,CLI00558,iPhone 14,Celular,1,5999,2024-11-16,Nordeste
ORD001027,CLI00742,Motorola Moto G84,Celular,1,1599,2024-11-07,Norte
ORD001028,CLI00462,Dell Inspiron 15,Notebook,1,4999,2024-11-01,Centro-Oeste
ORD001029,CLI00764,Lenovo IdeaPad 3,Notebook,1,3499,2024-11-16,Sudeste
ORD001030,CLI00219,Xiaomi 13T Pro,Celular,1,3999,2024-11-25,Sul
ORD001031,CLI00481,Motorola Edge 40,Celular,2,2899,2024-11-23,Sudeste
ORD001032,CLI00476,Motorola Moto G84,Celular,1,1599,2024-11-06,Sul
ORD001033,CLI00706,Motorola Edge 40,Celular,1,2899,2024-11-16,Sudeste
ORD001034,CLI00524,Motorola Edge 40,Celular,2,2899,2024-11-22,Sul
ORD001035,CLI00187,iPhone 15 Pro,Celular,1,7999,2024-11-21,Sudeste
ORD001036,CLI00665,Dell Inspiron 15,Notebook,1,4999,2024-11-24,Sul
ORD001037,CLI00020,LG Gram 17,Notebook,1,7999,2024-11-04,Nordeste
ORD001038,CLI00203,Motorola Edge 40,Celular,1,2899,2024-11-04,Sul
ORD001039,CLI00469,Samsung Galaxy S24,Celular,1,6499,2024-11-17,Sul
ORD001040,CLI00579,iPhone 14,Celular,1,5999,2024-11-18,Sudeste
ORD001041,CLI00041,Asus VivoBook 15,Notebook,1,3799,2024-11-16,Sudeste
ORD001042,CLI00035,Samsung Galaxy A54,Celular,1,2299,2024-11-18,Sudeste
ORD001043,CLI00286,Xiaomi 13T Pro,Celular,1,3999,2024-11-11,Sul
ORD001044,CLI00435,Xiaomi Redmi Note 13,Celular,1,1799,2024-11-03,Sudeste
ORD001045,CLI00310,Xiaomi Redmi Note 13,Celular,1,1799,2024-11-02,Norte
ORD001046,CLI00522,Dell Inspiron 15,Notebook,1,4999,2024-11-19,Centro-Oeste
ORD001047,CLI00428,Xiaomi 13T Pro,Celular,1,3999,2024-11-12,Sudeste
ORD001048,CLI00716,Acer Aspire 5,Notebook,1,3299,2024-11-17,Sudeste
ORD001049,CLI00488,MacBook Air M2,Notebook,1,9999,2024-11-17,Sul
ORD001050,CLI00621,Xiaomi 13T Pro,Celular,1,3999,2024-11-24,Sul
ORD001051,CLI00212,Motorola Moto G84,Celular,1,1599,2024-11-22,Sudeste
ORD001052,CLI00110,Samsung Galaxy S24,Celular,2,6499,2024-11-27,Sul
ORD001053,CLI00081,HP Pavilion 14,Notebook,1,4199,2024-11-19,Sul
ORD001054,CLI00387,Dell Inspiron 15,Notebook,1,4999,2024-11-15,Sul
ORD001055,CLI00468,Dell Inspiron 15,Notebook,1,4999,2024-11-04,Nordeste
ORD001056,CLI00622,Asus VivoBook 15,Notebook,1,3799,2024-11-27,Sudeste
ORD001057,CLI00017,Motorola Moto G84,Celular,1,1599,2024-11-15,Sudeste
ORD001058,CLI00007,Xiaomi Redmi Note 13,Celular,1,1799,2024-11-04,Sudeste
ORD001059,CLI00355,Xiaomi 13T Pro,Celular,1,3999,2024-11-06,Nordeste
ORD001060,CLI00198,LG Gram 17,Notebook,1,7999,2024-11-03,Nordeste
ORD001061,CLI00629,iPhone 14,Celular,1,5999,2024-11-04,Sudeste
ORD001062,CLI00112,MacBook Air M2,Notebook,1,9999,2024-11-22,Sudeste
ORD001063,CLI00188,iPhone 15 Pro,Celular,1,7999,2024-11-02,Nordeste
ORD001064,CLI00248,Lenovo IdeaPad 3,Notebook,1,3499,2024-11-03,Sul
ORD001065,CLI00368,Motorola Edge 40,Celular,1,2899,2024-11-16,Sudeste
ORD001066,CLI00762,iPhone 14,Celular,1,5999,2024-11-08,Centro-Oeste
ORD001067,CLI00509,Motorola Edge 40,Celular,1,2899,2024-11-12,Nordeste
ORD001068,CLI00116,Samsung Galaxy S24,Celular,1,6499,2024-11-07,Sudeste
ORD001069,CLI00679,Motorola Edge 40,Celular,1,2899,2024-11-06,Sudeste
ORD001070,CLI00755,Motorola Edge 40,Celular,2,2899,2024-11-21,Centro-Oeste
ORD001071,CLI00564,Dell Inspiron 15,Notebook,1,4999,2024-11-16,Sul
ORD001072,CLI00348,Asus VivoBook 15,Notebook,1,3799,2024-11-03,Sudeste
ORD001073,CLI00074,iPhone 15 Pro,Celular,1,7999,2024-11-25,Sul
ORD001074,CLI00162,Asus VivoBook 15,Notebook,1,3799,2024-11-11,Norte
ORD001075,CLI00554,Xiaomi 13T Pro,Celular,2,3999,2024-11-28,Centro-Oeste
ORD001076,CLI00744,Asus VivoBook 15,Notebook,1,3799,2024-11-05,Sudeste
ORD001077,CLI00213,Motorola Moto G84,Celular,1,1599,2024-11-17,Nordeste
ORD001078,CLI00701,Lenovo IdeaPad 3,Notebook,1,3499,2024-11-19,Sudeste
ORD001079,CLI00110,LG Gram 17,Notebook,1,7999,2024-11-13,Nordeste
ORD001080,CLI00107,Dell Inspiron 15,Notebook,1,4999,2024-11-22,Norte
ORD001081,CLI00259,Motorola Edge 40,Celular,2,2899,2024-11-08,Sudeste
ORD001082,CLI00681,Motorola Moto G84,Celular,1,1599,2024-11-16,Centro-Oeste
ORD001083,CLI00715,MacBook Air M2,Notebook,1,9999,2024-11-28,Sudeste
ORD001084,CLI00622,iPhone 14,Celular,1,5999,2024-11-27,Sul
ORD001085,CLI00325,iPhone 14,Celular,1,5999,2024-11-22,Centro-Oeste
ORD001086,CLI00443,Samsung Galaxy S24,Celular,1,6499,2024-11-12,Sudeste
ORD001087,CLI00788,iPhone 14,Celular,2,5999,2024-11-20,Sul
ORD001088,CLI00399,LG Gram 17,Notebook,1,7999,2024-11-28,Sudeste
ORD001089,CLI00356,Samsung Galaxy S24,Celular,1,6499,2024-11-04,Nordeste
ORD001090,CLI00371,Asus VivoBook 15,Notebook,1,3799,2024-11-08,Nordeste
ORD001091,CLI00734,Samsung Galaxy S24,Celular,2,6499,2024-11-03,Sudeste
ORD001092,CLI00141,LG Gram 17,Notebook,1,7999,2024-11-21,Sul
ORD001093,CLI00246,Motorola Moto G84,Celular,1,1599,2024-11-23,Sul
ORD001094,CLI00560,Asus VivoBook 15,Notebook,1,3799,2024-12-14,Centro-Oeste
ORD001095,CLI00645,MacBook Air M2,Notebook,1,9999,2024-12-08,Sul
ORD001096,CLI00721,Lenovo IdeaPad 3,Notebook,1,3499,2024-12-28,Nordeste
ORD001097,CLI00733,iPhone 15 Pro,Celular,1,7999,2024-12-05,Nordeste
ORD001098,CLI00619,LG Gram 17,Notebook,1,7999,2024-12-05,Sudeste
ORD001099,CLI00172,Motorola Moto G84,Celular,1,1599,2024-12-19,Sul
ORD001100,CLI00554,Motorola Moto G84,Celular,1,1599,2024-12-24,Sudeste
ORD001101,CLI00723,Samsung Galaxy A54,Celular,1,2299,2024-12-27,Sudeste
ORD001102,CLI00585,Acer Aspire 5,Notebook,1,3299,2024-12-01,Sudeste
ORD001103,CLI00265,Dell Inspiron 15,Notebook,1,4999,2024-12-11,Sudeste
ORD001104,CLI00305,MacBook Air M2,Notebook,1,9999,2024-12-02,Sul
ORD001105,CLI00304,Asus VivoBook 15,Notebook,1,3799,2024-12-02,Sul
ORD001106,CLI00443,iPhone 14,Celular,2,5999,2024-12-04,Sul
ORD001107,CLI00230,Samsung Galaxy S24,Celular,2,6499,2024-12-25,Sul
ORD001108,CLI00284,MacBook Air M2,Notebook,1,9999,2024-12-24,Sudeste
ORD001109,CLI00166,Samsung Galaxy S24,Celular,1,6499,2024-12-19,Sudeste
ORD001110,CLI00328,iPhone 15 Pro,Celular,1,7999,2024-12-08,Sudeste
ORD001111,CLI00748,Motorola Moto G84,Celular,1,1599,2024-12-23,Sudeste
ORD001112,CLI00513,iPhone 14,Celular,1,5999,2024-12-10,Sul
ORD001113,CLI00483,Acer Aspire 5,Notebook,1,3299,2024-12-23,Sudeste
ORD001114,CLI00665,iPhone 15 Pro,Celular,1,7999,2024-12-04,Sul
ORD001115,CLI00616,LG Gram 17,Notebook,1,7999,2024-12-21,Sudeste
ORD001116,CLI00623,MacBook Air M2,Notebook,1,9999,2024-12-14,Sudeste
ORD001117,CLI00159,HP Pavilion 14,Notebook,1,4199,2024-12-14,Sul
ORD001118,CLI00111,Samsung Galaxy A54,Celular,1,2299,2024-12-16,Sudeste
ORD001119,CLI00633,Xiaomi 13T Pro,Celular,1,3999,2024-12-09,Sudeste
ORD001120,CLI00623,Dell Inspiron 15,Notebook,1,4999,2024-12-16,Sudeste
ORD001121,CLI00579,Acer Aspire 5,Notebook,1,3299,2024-12-15,Nordeste
ORD001122,CLI00734,HP Pavilion 14,Notebook,1,4199,2024-12-10,Sul
ORD001123,CLI00784,Samsung Galaxy A54,Celular,1,2299,2024-12-05,Nordeste
ORD001124,CLI00311,Xiaomi 13T Pro,Celular,1,3999,2024-12-25,Sudeste
ORD001125,CLI00497,Samsung Galaxy Book,Notebook,1,5499,2024-12-17,Sudeste
ORD001126,CLI00475,HP Pavilion 14,Notebook,1,4199,2024-12-23,Sudeste
ORD001127,CLI00474,Samsung Galaxy A54,Celular,1,2299,2024-12-15,Sul
ORD001128,CLI00720,Samsung Galaxy S24,Celular,1,6499,2024-12-13,Sudeste
ORD001129,CLI00459,Samsung Galaxy S24,Celular,1,6499,2024-12-07,Nordeste
ORD001130,CLI00355,Samsung Galaxy A54,Celular,1,2299,2024-12-10,Sudeste
ORD001131,CLI00492,Acer Aspire 5,Notebook,1,3299,2024-12-12,Sudeste
ORD001132,CLI00065,Dell Inspiron 15,Notebook,1,4999,2024-12-01,Sul
ORD001133,CLI00431,iPhone 14,Celular,1,5999,2024-12-17,Sul
ORD001134,CLI00448,Dell Inspiron 15,Notebook,1,4999,2024-12-25,Sudeste
ORD001135,CLI00101,Lenovo IdeaPad 3,Notebook,1,3499,2024-12-10,Sudeste
ORD001136,CLI00124,Motorola Edge 40,Celular,2,2899,2024-12-06,Norte
ORD001137,CLI00623,Samsung Galaxy Book,Notebook,1,5499,2024-12-06,Sudeste
ORD001138,CLI00250,Acer Aspire 5,Notebook,1,3299,2024-12-16,Nordeste
ORD001139,CLI00563,MacBook Air M2,Notebook,1,9999,2024-12-05,Nordeste
ORD001140,CLI00183,Samsung Galaxy Book,Notebook,1,5499,2024-12-07,Sudeste
ORD001141,CLI00586,HP Pavilion 14,Notebook,1,4199,2024-12-12,Sul
ORD001142,CLI00135,Xiaomi 13T Pro,Celular,1,3999,2024-12-07,Sul
ORD001143,CLI00488,MacBook Air M2,Notebook,1,9999,2024-12-11,Sul
ORD001144,CLI00777,Samsung Galaxy S24,Celular,1,6499,2024-12-13,Sudeste
ORD001145,CLI00483,Samsung Galaxy Book,Notebook,1,5499,2024-12-07,Sudeste
ORD001146,CLI00026,Xiaomi 13T Pro,Celular,1,3999,2024-12-09,Sudeste
ORD001147,CLI00610,Motorola Moto G84,Celular,1,1599,2024-12-20,Sul
ORD001148,CLI00258,Samsung Galaxy Book,Notebook,1,5499,2024-12-28,Sudeste
ORD001149,CLI00511,iPhone 15 Pro,Celular,1,7999,2024-12-04,Nordeste
ORD001150,CLI00351,iPhone 15 Pro,Celular,1,7999,2024-12-05,Sudeste
ORD001151,CLI00517,MacBook Air M2,Notebook,1,9999,2024-12-14,Sudeste
ORD001152,CLI00567,Samsung Galaxy S24,Celular,1,6499,2024-12-28,Sudeste
ORD001153,CLI00082,Lenovo IdeaPad 3,Notebook,1,3499,2024-12-11,Sul
ORD001154,CLI00387,LG Gram 17,Notebook,1,7999,2024-12-04,Sudeste
ORD001155,CLI00132,Xiaomi 13T Pro,Celular,1,3999,2024-12-22,Sudeste
ORD001156,CLI00536,iPhone 14,Celular,1,5999,2024-12-21,Sul
ORD001157,CLI00472,iPhone 15 Pro,Celular,1,7999,2024-12-19,Sudeste
ORD001158,CLI00667,Dell Inspiron 15,Notebook,1,4999,2024-12-05,Sul
ORD001159,CLI00245,Xiaomi Redmi Note 13,Celular,1,1799,2024-12-10,Nordeste
ORD001160,CLI00170,Samsung Galaxy Book,Notebook,1,5499,2024-12-17,Nordeste
ORD001161,CLI00281,Samsung Galaxy Book,Notebook,1,5499,2024-12-10,Sudeste
ORD001162,CLI00443,Dell Inspiron 15,Notebook,1,4999,2024-12-08,Nordeste
ORD001163,CLI00564,Acer Aspire 5,Notebook,1,3299,2024-12-13,Sul
ORD001164,CLI00678,Samsung Galaxy A54,Celular,1,2299,2024-12-06,Nordeste
ORD001165,CLI00017,Samsung Galaxy S24,Celular,1,6499,2024-12-25,Centro-Oeste
ORD001166,CLI00677,Xiaomi 13T Pro,Celular,1,3999,2024-12-01,Sul
ORD001167,CLI00515,Asus VivoBook 15,Notebook,1,3799,2024-12-26,Sul
ORD001168,CLI00577,Samsung Galaxy Book,Notebook,1,5499,2024-12-05,Centro-Oeste
ORD001169,CLI00662,Asus VivoBook 15,Notebook,1,3799,2024-12-25,Norte
ORD001170,CLI00356,iPhone 14,Celular,1,5999,2024-12-01,Sudeste
ORD001171,CLI00270,Samsung Galaxy S24,Celular,2,6499,2024-12-05,Nordeste
ORD001172,CLI00588,Motorola Edge 40,Celular,1,2899,2024-12-19,Sudeste
ORD001173,CLI00059,Samsung Galaxy A54,Celular,1,2299,2024-12-23,Sul
ORD001174,CLI00267,Motorola Edge 40,Celular,1,2899,2024-12-11,Norte
ORD001175,CLI00191,Samsung Galaxy S24,Celular,1,6499,2024-12-27,Sudeste
ORD001176,CLI00581,iPhone 15 Pro,Celular,1,7999,2024-12-28,Sudeste
ORD001177,CLI00477,Samsung Galaxy S24,Celular,1,6499,2024-12-09,Nordeste
ORD001178,CLI00381,Lenovo IdeaPad 3,Notebook,1,3499,2024-12-26,Nordeste
ORD001179,CLI00230,Asus VivoBook 15,Notebook,1,3799,2024-12-06,Nordeste
ORD001180,CLI00025,Xiaomi Redmi Note 13,Celular,1,1799,2024-12-26,Sudeste
ORD001181,CLI00178,Lenovo IdeaPad 3,Notebook,1,3499,2024-12-14,Nordeste
ORD001182,CLI00219,Xiaomi Redmi Note 13,Celular,1,1799,2024-12-17,Sudeste
ORD001183,CLI00190,iPhone 15 Pro,Celular,2,7999,2024-12-19,Centro-Oeste
ORD001184,CLI00235,iPhone 15 Pro,Celular,1,7999,2024-12-27,Sul
ORD001185,CLI00794,Samsung Galaxy A54,Celular,1,2299,2024-12-17,Sudeste
ORD001186,CLI00771,Xiaomi 13T Pro,Celular,1,3999,2024-12-03,Centro-Oeste
ORD001187,CLI00621,Asus VivoBook 15,Notebook,1,3799,2024-12-23,Sudeste
ORD001188,CLI00698,iPhone 14,Celular,1,5999,2024-12-13,Sudeste
ORD001189,CLI00159,Samsung Galaxy A54,Celular,1,2299,2024-12-01,Centro-Oeste
ORD001190,CLI00747,Samsung Galaxy S24,Celular,2,6499,2024-12-24,Norte
ORD001191,CLI00442,Xiaomi Redmi Note 13,Celular,1,1799,2024-12-14,Sul
ORD001192,CLI00021,iPhone 14,Celular,1,5999,2024-12-02,Nordeste
ORD001193,CLI00240,Acer Aspire 5,Notebook,1,3299,2024-12-04,Sudeste
ORD001194,CLI00534,Dell Inspiron 15,Notebook,1,4999,2024-12-21,Sudeste
ORD001195,CLI00529,Samsung Galaxy Book,Notebook,1,5499,2024-12-02,Centro-Oeste
ORD001196,CLI00717,iPhone 15 Pro,Celular,1,7999,2024-12-03,Sul
ORD001197,CLI00525,MacBook Air M2,Notebook,1,9999,2024-12-18,Nordeste
ORD001198,CLI00721,iPhone 15 Pro,Celular,1,7999,2024-12-08,Centro-Oeste
ORD001199,CLI00497,iPhone 14,Celular,1,5999,2024-12-20,Sudeste
ORD001200,CLI00076,iPhone 14,Celular,1,5999,2024-12-20,Sudeste
ORD001201,CLI00616,iPhone 14,Celular,1,5999,2024-12-11,Sudeste
ORD001202,CLI00616,Samsung Galaxy A54,Celular,1,2299,2024-12-13,Sudeste
ORD001203,CLI00025,MacBook Air M2,Notebook,1,9999,2024-12-14,Sudeste
ORD001204,CLI00450,iPhone 15 Pro,Celular,1,7999,2024-12-18,Nordeste
ORD001205,CLI00554,LG Gram 17,Notebook,1,7999,2024-12-09,Centro-Oeste
ORD001206,CLI00012,Samsung Galaxy A54,Celular,1,2299,2024-12-01,Sudeste
ORD001207,CLI00343,Motorola Edge 40,Celular,1,2899,2024-12-17,Sudeste
ORD001208,CLI00409,LG Gram 17,Notebook,1,7999,2024-12-17,Sudeste
ORD001209,CLI00125,iPhone 14,Celular,1,5999,2024-12-20,Sul
ORD001210,CLI00385,Xiaomi Redmi Note 13,Celular,1,1799,2024-12-18,Sul
ORD001211,CLI00534,iPhone 14,Celular,1,5999,2024-12-04,Sul
ORD001212,CLI00211,Acer Aspire 5,Notebook,1,3299,2024-12-20,Nordeste
ORD001213,CLI00029,iPhone 15 Pro,Celular,1,7999,2024-12-13,Sudeste
ORD001214,CLI00735,Lenovo IdeaPad 3,Notebook,1,3499,2024-12-15,Sudeste
ORD001215,CLI00071,MacBook Air M2,Notebook,1,9999,2024-12-07,Centro-Oeste
ORD001216,CLI00688,Motorola Edge 40,Celular,1,2899,2024-12-03,Nordeste
ORD001217,CLI00799,Samsung Galaxy S24,Celular,1,6499,2024-12-07,Nordeste
ORD001218,CLI00383,Acer Aspire 5,Notebook,1,3299,2024-12-12,Sudeste
ORD001219,CLI00630,Motorola Moto G84,Celular,1,1599,2024-12-12,Sudeste
ORD001220,CLI00027,Samsung Galaxy A54,Celular,1,2299,2024-12-22,Nordeste
ORD001221,CLI00121,Samsung Galaxy A54,Celular,1,2299,2024-12-18,Sudeste
ORD001222,CLI00528,iPhone 15 Pro,Celular,1,7999,2024-12-13,Sudeste
ORD001223,CLI00306,Samsung Galaxy A54,Celular,1,2299,2024-12-02,Sul
ORD001224,CLI00716,iPhone 15 Pro,Celular,1,7999,2024-12-26,Sul
ORD001225,CLI00610,iPhone 15 Pro,Celular,1,7999,2024-12-27,Nordeste
ORD001226,CLI00271,Motorola Moto G84,Celular,1,1599,2024-12-28,Sudeste
ORD001227,CLI00320,iPhone 14,Celular,2,5999,2024-12-21,Sudeste
ORD001228,CLI00094,iPhone 14,Celular,1,5999,2024-12-25,Nordeste
ORD001229,CLI00037,iPhone 15 Pro,Celular,1,7999,2024-12-01,Nordeste
ORD001230,CLI00273,Samsung Galaxy A54,Celular,1,2299,2024-12-26,Norte
ORD001231,CLI00222,iPhone 15 Pro,Celular,1,7999,2024-12-27,Sudeste
ORD001232,CLI00039,Samsung Galaxy S24,Celular,1,6499,2024-12-25,Nordeste
ORD001233,CLI00293,iPhone 14,Celular,1,5999,2024-12-18,Centro-Oeste
ORD001234,CLI00205,Lenovo IdeaPad 3,Notebook,1,3499,2024-12-24,Nordeste
ORD001235,CLI00023,Acer Aspire 5,Notebook,1,3299,2024-12-22,Sudeste
ORD001236,CLI00337,Samsung Galaxy A54,Celular,2,2299,2024-12-04,Sul
ORD001237,CLI00267,LG Gram 17,Notebook,1,7999,2024-12-17,Sudeste
ORD001238,CLI00346,iPhone 15 Pro,Celular,2,7999,2024-12-05,Sul
ORD001239,CLI00643,iPhone 14,Celular,1,5999,2024-12-02,Sudeste
ORD001240,CLI00541,HP Pavilion 14,Notebook,1,4199,2024-12-11,Sudeste
ORD001241,CLI00056,Motorola Edge 40,Celular,1,2899,2024-12-17,Sudeste
ORD001242,CLI00330,Motorola Edge 40,Celular,1,2899,2024-12-23,Sudeste
ORD001243,CLI00504,LG Gram 17,Notebook,1,7999,2024-12-25,Sudeste
ORD001244,CLI00280,Samsung Galaxy Book,Notebook,1,5499,2024-12-11,Sudeste
ORD001245,CLI00569,Motorola Edge 40,Celular,1,2899,2024-12-21,Sudeste
ORD001246,CLI00344,Asus VivoBook 15,Notebook,1,3799,2024-12-15,Sudeste
ORD001247,CLI00656,Motorola Edge 40,Celular,1,2899,2024-12-21,Sul
ORD001248,CLI00595,LG Gram 17,Notebook,1,7999,2024-12-20,Sul
ORD001249,CLI00657,Samsung Galaxy Book,Notebook,1,5499,2024-12-22,Sudeste
ORD001250,CLI00722,iPhone 15 Pro,Celular,1,7999,2024-12-07,Sul
ORD001251,CLI00790,LG Gram 17,Notebook,1,7999,2024-12-14,Sul
ORD001252,CLI00385,MacBook Air M2,Notebook,1,9999,2024-12-02,Centro-Oeste
ORD001253,CLI00333,MacBook Air M2,Notebook,1,9999,2024-12-25,Sul
ORD001254,CLI00708,Samsung Galaxy A54,Celular,1,2299,2024-12-06,Sudeste
ORD001255,CLI00744,HP Pavilion 14,Notebook,1,4199,2024-12-03,Nordeste
ORD001256,CLI00404,Acer Aspire 5,Notebook,1,3299,2024-12-20,Nordeste
ORD001257,CLI00223,Xiaomi Redmi Note 13,Celular,1,1799,2024-12-15,Sudeste
ORD001258,CLI00673,iPhone 14,Celular,1,5999,2024-12-18,Sul
ORD001259,CLI00539,Xiaomi 13T Pro,Celular,1,3999,2024-12-01,Sudeste
ORD001260,CLI00320,iPhone 14,Celular,1,5999,2024-12-24,Sudeste
ORD001261,CLI00646,Motorola Moto G84,Celular,1,1599,2024-12-23,Sul
ORD001262,CLI00579,Asus VivoBook 15,Notebook,1,3799,2024-12-06,Sudeste
ORD001263,CLI00111,Motorola Edge 40,Celular,1,2899,2024-12-27,Centro-Oeste
ORD001264,CLI00351,Asus VivoBook 15,Notebook,1,3799,2024-12-03,Sul
ORD001265,CLI00007,Motorola Moto G84,Celular,1,1599,2024-12-16,Sudeste
ORD001266,CLI00101,Motorola Edge 40,Celular,1,2899,2024-12-24,Sudeste
ORD001267,CLI00356,Samsung Galaxy A54,Celular,1,2299,2024-12-17,Sudeste
ORD001268,CLI00144,Samsung Galaxy Book,Notebook,1,5499,2024-12-03,Sudeste
ORD001269,CLI00322,Lenovo IdeaPad 3,Notebook,1,3499,2024-12-28,Nordeste
ORD001270,CLI00083,Motorola Edge 40,Celular,1,2899,2024-12-13,Nordeste
ORD001271,CLI00739,iPhone 15 Pro,Celular,2,7999,2024-12-28,Norte
ORD001272,CLI00389,HP Pavilion 14,Notebook,1,4199,2024-12-19,Norte
ORD001273,CLI00392,Motorola Edge 40,Celular,2,2899,2024-12-20,Sul
ORD001274,CLI00422,LG Gram 17,Notebook,1,7999,2024-12-20,Norte
ORD001275,CLI00027,iPhone 15 Pro,Celular,1,7999,2024-12-10,Norte
ORD001276,CLI00478,Xiaomi 13T Pro,Celular,2,3999,2024-12-25,Sudeste
ORD001277,CLI00257,Dell Inspiron 15,Notebook,1,4999,2024-12-13,Centro-Oeste
ORD001278,CLI00640,Xiaomi Redmi Note 13,Celular,1,1799,2024-12-14,Sul
ORD001279,CLI00800,Samsung Galaxy S24,Celular,1,6499,2024-12-24,Centro-Oeste
ORD001280,CLI00676,iPhone 14,Celular,1,5999,2024-12-05,Sul
ORD001281,CLI00439,Samsung Galaxy S24,Celular,1,6499,2024-12-11,Nordeste
ORD001282,CLI00109,iPhone 15 Pro,Celular,1,7999,2024-12-09,Sudeste
ORD001283,CLI00375,iPhone 14,Celular,2,5999,2024-12-12,Centro-Oeste
ORD001284,CLI00286,Xiaomi 13T Pro,Celular,1,3999,2024-12-08,Centro-Oeste
ORD001285,CLI00245,Asus VivoBook 15,Notebook,1,3799,2024-12-18,Centro-Oeste
ORD001286,CLI00608,Samsung Galaxy A54,Celular,1,2299,2024-12-07,Centro-Oeste
ORD001287,CLI00326,LG Gram 17,Notebook,1,7999,2024-12-10,Sudeste
ORD001288,CLI00336,Samsung Galaxy S24,Celular,1,6499,2024-12-12,Nordeste
ORD001289,CLI00349,iPhone 14,Celular,1,5999,2024-12-24,Sul
ORD001290,CLI00142,Xiaomi Redmi Note 13,Celular,1,1799,2024-12-04,Centro-Oeste
ORD001291,CLI00392,Motorola Moto G84,Celular,1,1599,2024-12-25,Sul
ORD001292,CLI00003,Xiaomi 13T Pro,Celular,1,3999,2024-12-23,Sudeste
ORD001293,CLI00288,Motorola Moto G84,Celular,1,1599,2024-12-05,Sudeste
